Gene Name,HNOX_1,HNOX_2,HNOX_3,WT_1,WT_2,WT_3
Pden_0444,#NUM!,#NUM!,#NUM!,24,24,24
ppk,#NUM!,#NUM!,#NUM!,21,21,21
Pden_4022,#NUM!,#NUM!,#NUM!,22,22,22
Pden_4104,#NUM!,#NUM!,#NUM!,22,22,22
Pden_0682,#NUM!,#NUM!,#NUM!,21,21,21
Pden_3554,#NUM!,#NUM!,#NUM!,22,22,23
Pden_0720,24,24,24,23,23,23
Pden_1933,24,24,24,24,24,25
Pden_1662,25,25,25,26,26,26
hpa,23,23,23,23,23,23
Pden_0036,25,25,25,25,25,25
Pden_3450,#NUM!,#NUM!,#NUM!,22,22,22
thiG,23,23,23,23,23,23
ddl,23,23,22,22,22,22
Pden_0845,#NUM!,#NUM!,#NUM!,18,18,19
Pden_0011,23,24,23,#NUM!,#NUM!,#NUM!
Pden_4801,23,23,23,23,23,23
Pden_3552,25,25,25,25,25,25
Pden_4178,23,23,23,22,22,22
Pden_4177,23,23,23,22,22,22
argB,23,23,23,24,23,23
Pden_4401,23,23,24,24,24,24
clpB,25,25,25,25,25,25
Pden_4404,23,24,24,24,24,24
Pden_4053,24,24,24,24,24,24
Pden_1377,24,24,24,24,24,24
Pden_3555,23,23,23,23,23,23
bhcC,23,23,23,#NUM!,#NUM!,#NUM!
Pden_2090,21,#NUM!,#NUM!,22,22,22
thiC,23,24,23,24,24,24
Pden_1248,25,25,25,26,26,26
bapA,26,26,26,25,26,26
rplI,28,28,28,28,28,28
Pden_3553,24,24,24,24,24,24
pnp,26,27,27,27,27,27
Pden_0793,27,27,27,27,27,27
Pden_3557,25,25,25,25,25,25
Pden_0093,28,29,29,29,29,29
Pden_2425,23,23,24,24,24,24
atpD,29,29,29,29,29,29
Pden_4309,#NUM!,#NUM!,20,20,20,21
Pden_2882,23,24,23,24,24,24
Pden_1798,24,24,24,23,23,24
Pden_4344,23,23,23,22,22,22
pxpA,26,25,25,25,25,25
grpE,26,26,26,26,26,26
hisH,23,23,23,23,23,23
Pden_4439,25,25,25,25,25,25
Pden_2580,24,24,24,24,25,25
fhs1,24,24,24,24,24,24
Pden_1325,23,23,23,23,23,23
Pden_1563,25,26,25,26,26,26
Pden_0518,27,27,27,27,27,27
Pden_3084,25,25,25,25,26,26
Pden_2046,23,23,23,23,23,23
Pden_4366,23,23,23,23,23,23
Pden_2160,25,25,25,24,24,24
Pden_4393,24,24,24,24,24,24
purS,25,25,25,26,26,25
rpsO,27,28,28,28,28,28
pyrH,25,25,25,25,25,25
pckA,25,25,25,25,25,25
Pden_1258,25,25,26,26,26,26
Pden_3839,23,23,23,23,23,23
rpmC,#NUM!,#NUM!,27,27,28,27
Pden_2001,23,23,23,#NUM!,#NUM!,#NUM!
Pden_2862,25,25,25,26,26,26
rpiA,24,25,24,25,25,25
Pden_0531,26,26,26,26,26,26
rplQ,28,28,28,28,28,28
Pden_4065,24,23,23,23,24,24
Pden_0510,22,21,21,#NUM!,#NUM!,#NUM!
Pden_1901,#NUM!,23,#NUM!,24,23,23
Pden_4027,23,23,23,22,22,22
prfA,23,23,23,23,23,23
rpsF,27,27,27,27,28,28
Pden_3082,22,22,22,23,22,22
Pden_4479,26,26,26,26,26,26
Pden_4760,25,26,25,26,26,26
nosZ,25,25,25,25,25,25
Pden_2663,22,23,23,23,23,23
Pden_2472,23,23,23,23,24,24
rplD,27,27,27,28,27,28
rplN,27,28,28,28,28,28
Pden_3633,26,26,26,26,26,25
Pden_1982,22,22,22,22,23,23
rplT,28,28,27,28,28,28
lpxA,#NUM!,22,#NUM!,22,22,22
Pden_0814,26,26,26,26,26,26
potA,24,24,23,24,24,24
metG,24,25,25,24,24,24
rlmN,23,23,23,22,22,22
Pden_1280,22,21,21,21,21,21
Pden_4144,24,24,24,24,24,24
Pden_4047,23,24,25,25,25,25
Pden_1868,22,22,22,22,22,22
Pden_2515,23,23,23,22,22,22
Pden_0037,#NUM!,#NUM!,21,21,21,21
Pden_4414,26,27,27,26,26,26
murE,23,23,23,23,23,23
Pden_4257,21,22,21,21,21,21
Pden_0786,24,24,24,24,24,24
hslU,24,24,24,24,24,24
gpsA,21,21,21,21,20,20
leuA,23,23,23,23,23,23
rpsG,27,27,27,27,28,27
Pden_2665,23,23,23,#NUM!,#NUM!,#NUM!
glmS,24,25,25,25,25,25
Pden_4461,25,25,25,25,25,25
Pden_2407,22,22,22,22,22,22
Pden_3646,25,25,25,25,25,25
Pden_2258,25,25,25,25,25,25
zwf,24,23,23,24,24,23
carB,25,25,25,25,25,25
Pden_2151,24,24,24,24,24,24
Pden_4142,#NUM!,#NUM!,23,23,23,23
leuD,24,24,24,24,24,24
Pden_4745,23,24,23,24,24,24
ispG,23,23,23,23,23,23
Pden_0893,26,26,26,26,25,25
mltG,22,23,22,22,23,23
Pden_1770,25,25,25,25,26,25
Pden_1832,25,25,25,25,25,25
Pden_1551,26,26,26,26,26,26
Pden_2673,23,23,23,23,23,23
purD,24,24,24,24,24,24
Pden_1847,26,26,26,26,26,26
Pden_0041,23,23,23,23,24,24
Pden_1989,22,22,22,22,22,22
Pden_1740,25,25,24,24,24,24
Pden_2956,24,23,23,23,23,23
Pden_4377,24,24,24,25,25,24
Pden_3794,22,22,22,22,21,21
Pden_2776,24,24,24,24,24,24
Pden_2386,22,22,22,22,22,22
Pden_2469,#NUM!,21,#NUM!,21,21,21
Pden_3873,22,22,22,22,22,22
Pden_3689,23,24,23,23,24,24
Pden_0243,20,20,20,22,22,22
Pden_3972,23,23,23,23,23,24
Pden_3934,26,25,25,25,25,25
Pden_4546,#NUM!,23,#NUM!,23,23,23
hemH,24,24,24,23,23,23
truB,23,22,22,22,22,22
purF,23,24,23,24,24,24
ychF,25,25,25,25,25,25
nuoC,25,25,25,25,25,25
Pden_0028,#NUM!,22,22,22,22,22
Pden_4397,#NUM!,#NUM!,22,22,22,22
Pden_1397,22,22,22,21,22,22
Pden_2708,#NUM!,#NUM!,21,21,21,21
Pden_4792,20,20,21,22,22,21
hemA,22,22,22,22,22,22
accD,25,25,25,25,25,25
Pden_3930,22,22,22,23,23,23
Pden_4673,23,23,23,23,23,23
Pden_4482,24,24,24,24,24,24
Pden_0436,#NUM!,22,#NUM!,22,22,22
tuf1,30,30,30,30,30,30
Pden_4423,23,24,23,24,24,24
dxs,22,22,22,22,22,22
Pden_3470,21,21,21,21,21,21
Pden_5028,23,24,23,24,24,24
Pden_4474,25,25,25,25,25,25
lpxK,#NUM!,#NUM!,#NUM!,#NUM!,20,20
Pden_1306,23,23,23,23,23,24
Pden_3942,#NUM!,#NUM!,#NUM!,22,#NUM!,22
Pden_1526,#NUM!,#NUM!,#NUM!,19,#NUM!,19
Pden_4594,#NUM!,#NUM!,#NUM!,20,20,20
rsmA,#NUM!,#NUM!,#NUM!,#NUM!,21,21
Pden_4864,#NUM!,#NUM!,#NUM!,21,22,21
Pden_3048,#NUM!,#NUM!,#NUM!,20,#NUM!,21
Pden_0945,#NUM!,#NUM!,#NUM!,20,20,#NUM!
Pden_2753,#NUM!,#NUM!,#NUM!,24,24,24
Pden_2735,#NUM!,#NUM!,#NUM!,22,#NUM!,22
Pden_0846,#NUM!,#NUM!,#NUM!,20,20,20
Pden_4128,#NUM!,#NUM!,#NUM!,21,21,21
Pden_4422,#NUM!,24,24,#NUM!,#NUM!,#NUM!
Pden_1762,#NUM!,#NUM!,#NUM!,21,21,21
Pden_4002,#NUM!,#NUM!,#NUM!,21,#NUM!,21
Pden_1060,#NUM!,#NUM!,#NUM!,21,#NUM!,21
Pden_2152,25,25,25,25,25,25
Pden_3695,#NUM!,#NUM!,#NUM!,23,22,22
Pden_4000,#NUM!,#NUM!,#NUM!,20,20,#NUM!
Pden_0878,#NUM!,#NUM!,#NUM!,#NUM!,21,21
Pden_3038,#NUM!,#NUM!,#NUM!,23,23,#NUM!
Pden_1355,#NUM!,#NUM!,#NUM!,#NUM!,21,21
hpf,26,26,26,26,26,26
Pden_3229,#NUM!,22,#NUM!,22,22,22
ade,#NUM!,#NUM!,22,22,22,22
Pden_2208,25,25,26,25,25,25
Pden_1781,#NUM!,#NUM!,#NUM!,#NUM!,21,20
Pden_2534,22,23,22,23,23,23
Pden_4304,#NUM!,#NUM!,#NUM!,22,22,#NUM!
Pden_1557,#NUM!,#NUM!,#NUM!,22,#NUM!,22
Pden_2757,#NUM!,#NUM!,#NUM!,20,#NUM!,21
Pden_2338,#NUM!,#NUM!,22,22,22,22
Pden_0405,28,28,28,28,29,28
Pden_4438,26,26,26,26,26,26
Pden_2126,23,23,22,23,23,23
Pden_2782,27,27,27,27,27,27
Pden_1752,23,23,23,23,23,23
Pden_0854,#NUM!,#NUM!,21,20,21,21
purL,24,24,24,24,25,25
Pden_2913,22,22,22,22,22,22
fabH,23,24,#NUM!,24,24,24
tig,27,27,27,27,27,27
atpA,28,28,28,28,28,28
ffh,24,24,24,24,24,25
rplR,28,28,28,28,28,28
Pden_4421,21,22,22,22,22,22
Pden_0425,24,24,24,24,24,24
Pden_2371,25,25,25,25,24,25
Pden_2374,24,25,25,25,25,25
Pden_4378,24,24,24,24,24,24
Pden_2680,24,24,24,24,24,24
bamD,23,23,23,23,23,23
Pden_1749,#NUM!,#NUM!,#NUM!,#NUM!,21,21
Pden_4625,24,24,23,23,23,24
Pden_0943,22,22,22,22,22,22
Pden_1849,25,26,26,26,25,25
hutI,24,24,24,24,24,24
Pden_4712,26,26,26,26,26,26
ubiG,24,24,24,23,23,23
Pden_4280,22,#NUM!,22,#NUM!,#NUM!,#NUM!
Pden_1769,25,26,26,26,26,26
Pden_3901,23,23,23,23,22,23
argD,25,24,24,24,24,24
ilvE,25,25,25,25,25,25
yidC,24,24,24,24,24,24
kdsA,23,23,23,23,23,23
efp,#NUM!,#NUM!,#NUM!,24,24,24
Pden_2106,22,21,#NUM!,#NUM!,#NUM!,#NUM!
Pden_4521,24,24,24,24,24,24
Pden_0548,22,22,22,22,22,22
rpmG,26,26,26,26,27,26
Pden_1323,23,22,22,22,22,22
Pden_0403,#NUM!,22,#NUM!,21,22,22
rplM,28,27,28,28,28,28
nuoD,25,25,25,25,25,25
Pden_1927,24,24,23,24,24,24
Pden_0323,25,25,25,25,25,25
rplU,28,28,28,28,28,28
rplO,26,26,26,26,26,26
Pden_1920,27,27,27,27,27,27
Pden_3407,24,24,24,24,24,24
topA,24,24,24,24,24,24
der,23,23,23,23,23,23
Pden_1935,22,22,22,22,22,22
Pden_1650,24,24,24,24,24,24
lipA,24,23,23,23,23,23
Pden_2686,25,26,25,25,26,26
Pden_0832,21,#NUM!,#NUM!,21,21,21
Pden_4645,21,#NUM!,22,22,22,21
Pden_2372,24,24,24,24,24,24
Pden_4443,26,25,25,26,26,26
Pden_0798,25,25,25,25,24,25
Pden_1899,#NUM!,22,22,22,23,23
Pden_2929,#NUM!,#NUM!,#NUM!,21,20,20
Pden_1748,24,24,24,24,24,24
rpsT,#NUM!,27,27,27,27,27
Pden_3964,25,25,25,25,25,25
Pden_4430,24,23,24,24,24,23
Pden_2967,#NUM!,#NUM!,21,21,21,21
Pden_4757,26,25,25,25,25,25
trpA,25,24,25,24,24,24
Pden_4122,24,24,24,23,24,24
Pden_4465,28,28,28,28,28,28
pgl,23,#NUM!,23,23,24,23
hemE,24,24,24,24,24,24
purQ,24,24,24,24,23,24
Pden_1252,#NUM!,22,22,22,22,22
Pden_2560,23,23,23,23,23,24
murB,23,22,24,22,#NUM!,22
Pden_2729,23,23,24,24,24,24
Pden_1743,23,23,23,23,23,23
Pden_1275,26,26,26,26,27,27
gpmI,23,23,23,23,23,23
Pden_0959,28,28,28,28,27,28
Pden_4238,23,23,23,23,23,23
trmB,22,23,22,23,23,23
Pden_2307,24,24,24,24,25,25
rpsD,29,29,29,29,29,29
Pden_2822,26,25,25,26,26,26
glyS,25,24,24,24,24,24
Pden_3684,23,23,23,23,23,23
rpsP,27,27,27,27,27,27
Pden_2941,23,23,23,22,23,23
carA,25,25,25,25,25,25
Pden_2413,24,24,24,23,23,23
Pden_2297,24,24,24,24,23,24
Pden_3944,23,23,23,23,23,24
ihfB,25,25,25,25,25,25
Pden_4314,22,23,23,23,23,23
thyX,24,24,24,24,24,24
gltX1,25,25,25,25,25,25
Pden_0664,24,25,24,25,25,25
bamA,25,25,25,25,25,25
Pden_0566,24,23,23,23,23,23
Pden_0240,21,#NUM!,22,22,22,22
Pden_2088,#NUM!,21,21,21,21,21
cysD,24,24,24,24,24,24
Pden_4037,20,20,20,21,21,21
dnaK,27,27,27,27,27,27
Pden_1683,22,22,22,22,22,22
Pden_3786,28,28,28,29,29,29
Pden_0427,#NUM!,22,22,22,23,23
ndk,27,28,28,28,28,28
gatA,25,24,24,24,24,24
Pden_2961,27,27,27,27,27,27
rne,25,25,25,25,25,25
pdhA,24,24,24,25,25,25
acpP,#NUM!,#NUM!,23,24,24,24
Pden_4463,25,25,25,25,25,25
Pden_0305,#NUM!,#NUM!,22,22,22,22
Pden_4350,21,21,#NUM!,21,22,21
Pden_0409,22,23,23,22,22,#NUM!
Pden_2679,22,#NUM!,22,22,22,22
rpsL,27,26,26,25,26,26
Pden_1855,22,21,21,21,21,21
Pden_2004,24,24,24,24,24,24
def,#NUM!,21,#NUM!,22,22,21
rpsM,28,28,28,28,28,28
leuC,24,24,24,24,24,24
Pden_1719,22,21,21,22,22,22
Pden_1684,#NUM!,#NUM!,21,#NUM!,21,21
Pden_1391,26,25,25,25,25,25
Pden_2508,24,24,24,24,24,24
mnmA,21,22,22,22,22,22
Pden_0707,24,23,24,23,23,23
Pden_3957,22,23,23,23,23,23
Pden_2000,#NUM!,24,24,24,24,24
glcB,24,24,24,24,24,24
rnr,21,22,21,21,22,22
Pden_2333,23,23,23,23,23,24
ccmG,#NUM!,#NUM!,#NUM!,22,22,22
rpsC,27,27,27,27,27,27
Pden_4701,24,23,23,23,23,23
Pden_2603,24,24,24,24,24,24
Pden_4190,24,24,24,24,24,24
Pden_4322,23,23,23,23,23,23
cpoB,22,22,22,22,22,22
Pden_3980,24,23,23,23,23,23
Pden_2214,25,25,25,25,25,25
Pden_1897,22,22,22,22,22,22
Pden_0054,#NUM!,#NUM!,21,21,21,21
Pden_1717,24,24,24,24,25,25
Pden_0616,22,22,23,#NUM!,#NUM!,22
Pden_2026,27,27,27,27,27,27
Pden_2410,22,22,23,22,22,22
rpsJ,27,27,27,27,27,27
Pden_2002,22,23,22,22,23,23
Pden_2554,22,22,22,23,23,23
Pden_0954,28,28,28,28,28,28
rpmI,26,26,#NUM!,#NUM!,25,#NUM!
Pden_2763,28,27,28,27,28,28
Pden_4224,#NUM!,22,22,22,#NUM!,#NUM!
Pden_2327,#NUM!,#NUM!,21,22,22,21
Pden_0488,23,23,23,23,23,23
Pden_2912,21,22,21,21,22,22
Pden_1392,26,25,25,25,25,25
Pden_0255,24,24,24,24,24,24
,23,23,23,23,23,23
cysC,25,25,25,25,25,25
Pden_2393,25,25,25,25,24,24
Pden_4808,#NUM!,23,#NUM!,24,23,23
Pden_0849,#NUM!,#NUM!,22,#NUM!,22,22
Pden_2904,25,26,25,26,25,26
fumC,25,25,25,25,25,25
Pden_1245,25,25,25,25,25,25
Pden_3530,#NUM!,21,#NUM!,21,22,21
Pden_4715,26,26,26,26,26,26
Pden_3984,25,25,25,26,25,25
Pden_3898,21,#NUM!,21,21,21,21
Pden_1382,24,24,24,24,24,24
Pden_4791,#NUM!,24,24,24,24,23
Pden_1670,#NUM!,#NUM!,22,#NUM!,22,22
Pden_0857,25,26,26,26,26,26
Pden_2299,#NUM!,23,23,23,24,23
Pden_0088,#NUM!,23,23,24,24,24
Pden_1940,22,23,22,23,22,22
Pden_1676,#NUM!,21,21,21,22,21
Pden_4075,23,23,23,23,22,22
atpF,25,25,25,25,25,25
iolG,23,23,23,23,23,23
Pden_0399,23,23,23,23,23,23
Pden_2955,25,25,25,25,25,25
prmA,23,24,23,23,24,23
Pden_2325,24,24,24,25,24,25
queC,#NUM!,#NUM!,22,22,22,22
Pden_0035,#NUM!,#NUM!,22,23,23,22
Pden_2705,#NUM!,23,24,24,23,23
Pden_1303,24,23,23,23,23,23
Pden_3618,23,23,23,23,23,23
Pden_4062,#NUM!,23,22,23,23,23
Pden_5025,24,#NUM!,#NUM!,24,24,24
Pden_2832,24,24,24,24,24,24
Pden_4129,22,22,22,23,22,22
glgA,#NUM!,22,22,#NUM!,#NUM!,22
Pden_5098,#NUM!,#NUM!,#NUM!,#NUM!,#NUM!,21
Pden_1268,#NUM!,#NUM!,21,#NUM!,#NUM!,#NUM!
Pden_4174,#NUM!,#NUM!,#NUM!,21,21,#NUM!
Pden_2134,#NUM!,21,#NUM!,#NUM!,#NUM!,#NUM!
Pden_4200,#NUM!,#NUM!,#NUM!,20,20,#NUM!
Pden_1842,#NUM!,#NUM!,#NUM!,20,#NUM!,20
Pden_4867,23,23,#NUM!,#NUM!,#NUM!,#NUM!
Pden_2378,#NUM!,#NUM!,#NUM!,21,#NUM!,21
Pden_4810,#NUM!,#NUM!,#NUM!,22,#NUM!,22
Pden_2779,#NUM!,#NUM!,#NUM!,21,#NUM!,#NUM!
Pden_3108,#NUM!,#NUM!,#NUM!,21,#NUM!,21
Pden_2146,#NUM!,#NUM!,#NUM!,22,#NUM!,22
glnD,#NUM!,#NUM!,#NUM!,#NUM!,20,20
Pden_4559,#NUM!,#NUM!,#NUM!,20,#NUM!,20
Pden_2412,#NUM!,#NUM!,#NUM!,20,#NUM!,#NUM!
Pden_4923,#NUM!,#NUM!,#NUM!,21,#NUM!,21
Pden_3535,#NUM!,#NUM!,#NUM!,22,#NUM!,#NUM!
Pden_0797,#NUM!,#NUM!,#NUM!,#NUM!,#NUM!,24
Pden_3937,#NUM!,22,22,#NUM!,#NUM!,#NUM!
dtd,#NUM!,#NUM!,#NUM!,#NUM!,#NUM!,21
cobB,#NUM!,#NUM!,#NUM!,#NUM!,#NUM!,20
Pden_5060,#NUM!,#NUM!,24,#NUM!,#NUM!,#NUM!
uvrC,#NUM!,#NUM!,#NUM!,#NUM!,20,#NUM!
ccmA,#NUM!,#NUM!,#NUM!,20,21,#NUM!
Pden_2709,#NUM!,21,#NUM!,#NUM!,#NUM!,#NUM!
Pden_3685,#NUM!,#NUM!,#NUM!,#NUM!,#NUM!,27
Pden_4716,#NUM!,#NUM!,#NUM!,21,21,#NUM!
Pden_2315,#NUM!,#NUM!,#NUM!,#NUM!,#NUM!,20
hisI,#NUM!,#NUM!,#NUM!,23,23,#NUM!
Pden_2691,21,#NUM!,21,#NUM!,#NUM!,#NUM!
Pden_0941,#NUM!,#NUM!,#NUM!,21,#NUM!,22
Pden_2605,#NUM!,#NUM!,#NUM!,#NUM!,#NUM!,20
Pden_4677,#NUM!,#NUM!,#NUM!,#NUM!,22,#NUM!
Pden_1896,#NUM!,#NUM!,#NUM!,#NUM!,#NUM!,22
Pden_1614,#NUM!,21,21,#NUM!,#NUM!,#NUM!
Pden_0059,#NUM!,#NUM!,21,#NUM!,#NUM!,#NUM!
Pden_2715,#NUM!,#NUM!,#NUM!,#NUM!,#NUM!,24
Pden_2622,#NUM!,22,22,#NUM!,#NUM!,#NUM!
Pden_2762,22,#NUM!,22,#NUM!,#NUM!,#NUM!
Pden_4824,#NUM!,#NUM!,#NUM!,#NUM!,#NUM!,19
Pden_1864,#NUM!,#NUM!,#NUM!,#NUM!,21,21
Pden_0653,#NUM!,#NUM!,#NUM!,#NUM!,#NUM!,22
Pden_0724,#NUM!,#NUM!,#NUM!,21,#NUM!,21
ubiE,23,23,23,23,23,23
Pden_3894,#NUM!,#NUM!,#NUM!,#NUM!,20,20
Pden_2569,#NUM!,#NUM!,#NUM!,20,#NUM!,#NUM!
Pden_4484,#NUM!,#NUM!,#NUM!,#NUM!,21,#NUM!
Pden_3965,#NUM!,#NUM!,#NUM!,#NUM!,21,21
rplC,27,28,28,28,28,28
Pden_4797,#NUM!,#NUM!,#NUM!,#NUM!,#NUM!,21
Pden_3637,22,23,23,23,23,23
Pden_3706,#NUM!,#NUM!,#NUM!,#NUM!,21,22
Pden_1394,#NUM!,#NUM!,#NUM!,19,#NUM!,#NUM!
Pden_0939,25,25,26,26,25,26
obg,23,23,24,24,24,24
Pden_1561,#NUM!,20,#NUM!,#NUM!,#NUM!,#NUM!
amn,#NUM!,#NUM!,#NUM!,21,#NUM!,#NUM!
Pden_0230,22,#NUM!,#NUM!,#NUM!,#NUM!,#NUM!
Pden_1828,25,25,25,25,25,25
Pden_4082,#NUM!,#NUM!,#NUM!,#NUM!,#NUM!,20
Pden_3872,25,25,25,25,25,25
glyQ,23,24,24,24,24,24
Pden_1246,#NUM!,22,22,22,22,22
Pden_2551,27,27,27,28,27,28
Pden_0306,#NUM!,#NUM!,#NUM!,21,#NUM!,#NUM!
Pden_4220,#NUM!,20,21,#NUM!,#NUM!,#NUM!
Pden_4932,19,19,19,20,21,21
Pden_1396,#NUM!,#NUM!,22,#NUM!,#NUM!,#NUM!
folD1,23,23,23,23,23,23
Pden_4392,24,25,25,24,24,25
Pden_1856,23,23,24,#NUM!,23,23
Pden_5127,25,#NUM!,#NUM!,#NUM!,#NUM!,#NUM!
Pden_0046,#NUM!,#NUM!,#NUM!,22,#NUM!,#NUM!
Pden_3573,22,22,22,22,#NUM!,#NUM!
Pden_0863,#NUM!,22,22,22,22,22
Pden_2745,#NUM!,#NUM!,#NUM!,21,22,#NUM!
Pden_4301,26,26,26,26,26,26
Pden_0719,24,23,24,24,24,24
Pden_2609,#NUM!,#NUM!,22,#NUM!,#NUM!,#NUM!
Pden_1559,25,24,25,25,25,25
rpsQ,26,27,26,26,26,27
surE,#NUM!,#NUM!,#NUM!,24,23,#NUM!
Pden_3705,24,24,24,24,25,25
Pden_2532,#NUM!,21,21,21,21,21
Pden_1882,23,24,24,24,24,24
hisA,24,24,24,24,24,24
rsmH,22,22,22,22,22,22
Pden_3556,26,26,25,26,26,26
Pden_0438,#NUM!,#NUM!,#NUM!,21,#NUM!,#NUM!
Pden_4048,25,25,25,25,25,25
Pden_0680,#NUM!,22,#NUM!,#NUM!,#NUM!,#NUM!
Pden_1729,21,#NUM!,22,22,21,22
Pden_2478,22,#NUM!,23,23,23,23
Pden_0169,23,23,23,23,23,23
aroC,24,24,23,23,24,23
Pden_3657,#NUM!,#NUM!,23,23,#NUM!,23
Pden_2946,24,23,23,23,23,23
Pden_1271,25,25,25,25,25,25
ribH,25,25,24,24,25,24
Pden_4710,#NUM!,#NUM!,21,21,21,21
Pden_4429,#NUM!,22,22,22,23,23
Pden_2549,22,22,22,22,22,22
Pden_3932,25,25,25,25,26,26
rho,26,26,26,26,26,26
Pden_3652,22,22,22,22,22,22
Pden_2285,#NUM!,22,23,22,23,23
Pden_4258,#NUM!,#NUM!,#NUM!,#NUM!,20,#NUM!
Pden_3910,28,26,26,26,27,#NUM!
Pden_0810,22,#NUM!,#NUM!,#NUM!,22,22
Pden_4513,24,24,24,24,24,24
Pden_3821,#NUM!,22,21,#NUM!,#NUM!,#NUM!
Pden_2793,26,27,26,26,27,27
Pden_4442,24,24,24,24,24,25
Pden_1272,23,23,23,23,22,22
Pden_3650,#NUM!,#NUM!,22,#NUM!,#NUM!,#NUM!
Pden_1675,#NUM!,21,#NUM!,21,#NUM!,21
Pden_3931,24,24,24,24,24,24
ribB,25,25,25,25,25,25
rpoZ,24,25,25,25,25,25
ilvD,25,25,25,25,25,25
Pden_3950,24,24,24,23,24,24
Pden_4325,#NUM!,21,#NUM!,21,21,21
Pden_0926,#NUM!,#NUM!,20,20,21,21
Pden_2193,23,23,23,23,23,23
Pden_2309,21,21,21,23,23,23
glmU,25,24,24,25,25,25
metAA,23,23,23,23,23,23
Pden_0829,23,23,23,23,24,24
hemN,24,24,24,24,24,24
proS,25,25,25,25,25,25
Pden_2943,22,22,22,22,22,22
lysA,23,23,23,23,23,23
Pden_0812,24,23,23,23,23,23
secA,25,25,25,25,25,25
Pden_4706,23,23,23,23,23,23
gatB,25,25,25,25,25,25
ccoP,25,25,25,25,25,25
Pden_0052,#NUM!,22,22,22,23,23
Pden_3890,26,26,26,26,26,26
Pden_3527,23,23,23,23,23,23
prfB,24,24,24,24,25,24
Pden_4549,22,21,21,22,22,22
rpmA,26,25,#NUM!,26,25,26
Pden_3231,22,#NUM!,#NUM!,22,#NUM!,22
Pden_3697,24,#NUM!,24,23,24,24
Pden_1417,27,27,27,27,27,27
ihfA,25,25,25,25,25,25
Pden_4217,#NUM!,21,21,#NUM!,#NUM!,20
Pden_1854,25,26,26,26,26,26
Pden_0882,#NUM!,#NUM!,22,22,#NUM!,22
Pden_1259,26,26,26,26,26,26
rnd,23,23,23,23,23,23
Pden_0862,26,27,27,27,26,27
Pden_3967,25,25,25,26,26,26
Pden_3085,#NUM!,22,22,#NUM!,#NUM!,#NUM!
rnc,#NUM!,21,#NUM!,#NUM!,21,21
Pden_1924,22,22,22,22,22,22
parE,23,24,24,24,23,24
Pden_0515,22,22,22,22,22,22
Pden_1923,#NUM!,23,#NUM!,22,#NUM!,23
Pden_2246,26,25,25,25,25,25
tpiA,24,25,24,24,24,25
Pden_2687,22,22,22,22,22,22
Pden_2230,21,#NUM!,#NUM!,#NUM!,21,21
Pden_2031,24,23,23,23,23,24
Pden_4211,26,25,25,25,25,25
Pden_2707,21,22,22,23,23,22
valS,24,24,24,24,24,24
Pden_1664,23,23,23,23,23,23
uxuA,23,22,23,22,22,22
Pden_2382,#NUM!,22,#NUM!,22,22,22
Pden_0911,21,22,#NUM!,21,21,22
prs,25,25,25,26,26,26
Pden_1320,24,25,25,25,25,25
upp,24,23,23,23,23,23
Pden_2692,21,22,22,21,22,22
Pden_2411,22,22,22,22,22,#NUM!
pdxJ,24,24,#NUM!,#NUM!,#NUM!,24
Pden_2846,23,23,#NUM!,#NUM!,22,#NUM!
Pden_2684,26,25,25,25,25,26
Pden_2016,#NUM!,22,#NUM!,22,#NUM!,23
Pden_0608,22,21,#NUM!,22,22,22
Pden_1247,22,#NUM!,23,23,23,23
Pden_0554,26,26,26,26,26,26
dnaJ,24,24,24,24,24,24
edd,23,23,22,23,23,23
Pden_4498,22,22,22,22,22,22
Pden_0326,#NUM!,#NUM!,22,22,21,22
Pden_0807,24,24,24,24,24,24
Pden_2907,23,23,23,23,23,23
Pden_2163,23,23,23,#NUM!,#NUM!,22
Pden_2043,24,24,24,24,25,24
Pden_1315,22,21,22,22,22,22
Pden_0712,24,24,24,24,24,24
Pden_1865,22,22,22,22,22,22
mreB,25,25,25,25,25,25
Pden_2670,23,23,23,23,23,23
Pden_0569,26,26,26,26,26,26
Pden_0492,25,25,25,25,25,25
dksA,#NUM!,23,23,23,23,23
Pden_2584,#NUM!,#NUM!,22,#NUM!,#NUM!,#NUM!
pgi,#NUM!,22,22,22,22,22
Pden_2884,21,21,22,22,22,22
rpmB,27,26,26,26,26,26
gshB,24,24,23,24,23,24
nusB,24,25,25,25,25,25
gloB,22,21,21,21,21,21
aspS,25,25,25,25,25,25
Pden_0424,22,23,23,23,23,22
Pden_2716,#NUM!,#NUM!,22,22,22,22
clpP,26,26,26,26,26,26
Pden_1960,24,23,#NUM!,24,24,24
Pden_0551,25,25,25,25,25,25
Pden_2105,23,23,23,23,23,23
Pden_2737,#NUM!,#NUM!,22,#NUM!,22,22
Pden_0929,23,23,22,23,23,23
Pden_4567,25,25,25,25,25,25
Pden_2354,22,21,#NUM!,22,22,22
Pden_2544,23,#NUM!,23,22,23,23
rph,25,25,25,25,25,25
hisC,23,23,23,23,23,23
Pden_0813,25,25,25,25,25,25
Pden_2875,25,25,25,25,25,25
Pden_1980,24,23,23,24,23,23
Pden_0935,22,23,23,23,23,23
ispDF,22,22,22,22,22,22
Pden_4444,28,28,27,27,28,28
Pden_0648,24,24,24,24,24,24
dapB,23,23,24,23,23,23
tatA,24,23,23,23,24,24
Pden_1963,24,#NUM!,24,24,24,24
Pden_2540,22,#NUM!,22,22,22,22
Pden_0975,22,#NUM!,#NUM!,21,21,21
Pden_1314,24,24,24,24,24,24
Pden_2241,25,25,25,25,25,25
argF,24,24,24,25,24,24
rpoB,26,27,26,26,27,26
guaA,25,24,24,24,24,24
Pden_0042,22,22,22,22,22,22
Pden_2197,22,22,22,#NUM!,22,22
Pden_0319,#NUM!,23,23,#NUM!,#NUM!,23
Pden_3156,24,24,24,24,24,24
Pden_0038,22,22,22,22,22,22
Pden_1067,#NUM!,#NUM!,#NUM!,#NUM!,#NUM!,23
tal,27,27,27,27,27,27
Pden_0899,24,24,24,24,24,25
Pden_0630,26,26,25,26,25,25
Pden_0951,24,24,24,23,23,24
Pden_2149,22,#NUM!,#NUM!,22,21,22
hemC,23,24,24,24,23,24
Pden_0957,24,24,24,24,24,24
Pden_2136,23,23,23,23,23,23
pyrC,24,24,24,24,24,24
Pden_0560,23,23,22,23,23,23
Pden_0908,23,23,23,23,23,23
Pden_1651,24,24,24,24,24,24
Pden_4134,25,24,24,24,24,24
Pden_0073,23,22,22,22,22,22
Pden_2296,22,22,22,22,22,22
rimM,22,23,23,23,23,22
Pden_4181,25,24,24,24,#NUM!,23
Pden_0610,24,24,24,24,24,24
Pden_2845,24,24,24,24,24,24
lpxC,#NUM!,#NUM!,21,21,#NUM!,21
Pden_0516,21,22,22,22,22,22
uvrB,22,22,22,22,22,22
Pden_2885,22,23,23,23,23,23
leuS,24,24,24,24,24,24
Pden_2959,#NUM!,24,24,24,24,24
secB,27,27,26,27,26,26
glpK,24,25,24,24,24,24
minC,#NUM!,24,23,23,24,23
Pden_3662,#NUM!,22,23,#NUM!,22,#NUM!
Pden_3861,25,25,25,25,25,25
Pden_3678,24,24,24,24,24,24
atpH,27,27,27,27,27,27
Pden_0658,25,25,25,24,24,24
Pden_2820,22,23,22,22,22,#NUM!
Pden_0308,25,25,25,24,25,25
rpoC,26,26,26,26,26,26
msrA,23,23,23,23,23,23
Pden_1750,#NUM!,22,22,22,22,22
Pden_4771,23,23,23,23,23,23
Pden_3639,23,23,22,23,22,23
rpsK,25,25,25,25,25,25
Pden_1825,24,24,24,24,24,25
ettA,25,25,25,25,25,25
Pden_4431,22,22,23,23,#NUM!,22
Pden_1988,24,23,22,22,22,22
rplV,26,27,27,27,27,26
plsX,23,23,23,23,23,23
Pden_2178,25,24,24,24,24,24
Pden_1328,29,29,29,28,29,29
Pden_0431,24,23,23,23,24,23
recA,25,25,25,25,25,25
rpe,24,23,23,23,23,23
purE,24,23,23,24,23,24
aroA,23,24,23,23,23,23
Pden_2598,24,25,25,25,25,25
rimP,23,23,24,23,23,23
Pden_0512,22,22,22,22,22,22
Pden_2195,22,22,22,22,22,22
Pden_3653,24,24,#NUM!,24,24,24
murD,22,22,22,22,22,22
Pden_0713,23,23,23,23,23,23
Pden_2504,25,25,25,25,25,25
glyA,26,27,27,27,27,27
Pden_0577,#NUM!,20,20,20,20,20
Pden_2623,24,24,24,24,24,24
Pden_2883,22,22,22,#NUM!,22,22
Pden_2205,23,23,24,23,23,23
pyrB,24,24,24,24,24,24
Pden_2348,24,24,24,24,24,24
Pden_3692,#NUM!,22,22,22,22,22
dnaX,21,22,22,22,22,22
Pden_2720,#NUM!,22,22,22,22,22
Pden_2255,22,#NUM!,#NUM!,21,21,21
rppH,23,23,23,23,23,23
murF,22,22,23,22,22,22
Pden_0006,23,24,23,23,23,23
Pden_2566,24,24,24,24,24,24
Pden_2340,21,21,21,21,20,#NUM!
infB,26,26,26,26,26,26
dnaA,22,22,22,22,22,22
dctA,#NUM!,22,22,22,#NUM!,#NUM!
Pden_1715,22,22,23,22,23,23
Pden_2781,23,24,24,23,24,24
gyrB,24,24,24,24,24,24
glmM,#NUM!,23,23,24,23,23
Pden_1381,27,27,27,27,27,27
Pden_2370,22,21,22,22,22,22
lon,25,25,25,25,25,25
rsmG,#NUM!,21,20,21,21,21
Pden_2305,#NUM!,26,26,26,26,26
rpsE,27,27,27,27,27,27
Pden_2922,#NUM!,22,#NUM!,21,21,22
Pden_1652,22,22,22,23,22,22
Pden_0881,22,23,23,23,23,23
pheT,25,25,25,25,25,25
Pden_0087,24,24,24,24,24,24
Pden_0938,24,24,24,24,24,24
Pden_0731,#NUM!,22,23,23,23,23
Pden_0883,23,23,23,23,23,23
Pden_1830,25,24,24,24,24,24
Pden_5027,22,22,22,22,22,22
Pden_4509,23,22,23,23,22,23
atpG,26,26,26,26,26,26
hrcA,#NUM!,22,22,#NUM!,#NUM!,22
cobT,23,23,23,23,23,23
Pden_4630,22,21,22,22,21,21
Pden_3966,26,26,26,26,27,26
Pden_4481,22,#NUM!,21,22,21,21
Pden_4321,24,24,24,24,24,24
rlmE,#NUM!,23,23,23,23,23
Pden_2867,22,22,22,22,22,22
Pden_1905,23,24,23,23,23,23
Pden_2324,23,23,23,23,23,23
Pden_0574,21,21,20,20,20,21
Pden_3681,23,23,23,23,23,23
Pden_4690,#NUM!,22,22,22,22,22
Pden_0723,23,#NUM!,22,#NUM!,22,#NUM!
rpsI,27,27,27,27,27,27
Pden_3230,#NUM!,21,21,21,21,21
Pden_1819,24,24,24,24,24,24
Pden_4458,23,23,23,23,23,23
Pden_2588,#NUM!,#NUM!,21,22,#NUM!,21
murI,23,23,23,24,23,23
Pden_3700,23,23,23,23,23,23
Pden_1981,#NUM!,22,#NUM!,#NUM!,#NUM!,22
Pden_2276,25,25,25,25,25,25
Pden_4436,22,23,23,23,23,23
Pden_1944,23,#NUM!,#NUM!,22,22,22
Pden_1668,24,24,24,24,24,24
rpsB,28,29,29,28,29,29
Pden_2426,24,23,23,23,24,23
purU,24,24,24,24,24,24
nrdR,21,21,21,22,21,21
Pden_4024,24,#NUM!,23,23,24,24
Pden_3621,23,23,#NUM!,#NUM!,23,23
ubiU,21,22,22,21,21,21
rpsS,27,27,27,27,27,27
Pden_1881,23,23,22,23,22,23
Pden_0193,#NUM!,#NUM!,#NUM!,21,#NUM!,22
Pden_2672,23,24,24,24,23,23
ilvD,#NUM!,23,23,23,23,23
Pden_2271,23,#NUM!,#NUM!,#NUM!,23,23
Pden_0049,#NUM!,20,21,21,21,#NUM!
Pden_0231,#NUM!,22,22,22,22,22
Pden_4081,23,23,22,22,23,23
Pden_1403,23,23,23,23,23,23
pyrF,25,25,25,25,24,25
Pden_2924,#NUM!,#NUM!,21,#NUM!,#NUM!,21
betI,22,22,22,22,22,22
Pden_2143,23,24,24,24,24,24
Pden_2133,24,24,24,24,24,24
cysS,23,23,23,23,23,23
Pden_0633,#NUM!,#NUM!,20,21,20,#NUM!
proA,24,24,24,24,24,24
ftsY,#NUM!,22,22,22,22,22
Pden_1747,#NUM!,#NUM!,20,#NUM!,#NUM!,21
Pden_3664,#NUM!,22,22,22,22,22
Pden_2103,#NUM!,24,24,24,24,24
Pden_4295,21,21,21,21,21,22
Pden_0612,23,22,23,23,23,23
Pden_4477,26,25,25,25,25,25
pncB,#NUM!,21,#NUM!,#NUM!,21,#NUM!
Pden_1755,24,23,23,23,23,23
Pden_2948,23,23,23,#NUM!,23,23
Pden_1807,23,23,22,23,23,23
Pden_4042,#NUM!,21,21,#NUM!,#NUM!,#NUM!
Pden_0631,23,23,23,23,23,23
Pden_2268,22,23,23,22,22,23
clpP,24,25,24,25,25,25
dut,23,24,23,24,23,23
Pden_0043,#NUM!,22,22,22,22,22
pgk,25,25,25,25,25,25
Pden_3671,24,24,24,24,24,24
hisF,22,22,22,22,22,22
Pden_2610,24,25,24,24,24,24
Pden_2164,24,24,24,24,24,24
Pden_1995,24,24,24,23,24,24
Pden_4788,24,24,24,24,24,24
Pden_3840,23,23,23,23,23,23
dapA,26,25,25,25,25,25
rplE,28,28,28,28,28,28
rplS,27,27,27,27,27,27
mutS,#NUM!,22,21,21,21,22
Pden_1671,26,26,26,26,26,26
purN,21,22,22,22,22,22
Pden_4817,#NUM!,22,22,#NUM!,23,23
Pden_0511,22,22,21,21,21,22
Pden_1305,#NUM!,23,#NUM!,23,#NUM!,#NUM!
Pden_0072,22,21,21,21,21,21
ugpC,#NUM!,#NUM!,20,21,#NUM!,#NUM!
rplF,27,27,27,27,27,27
Pden_0927,22,22,22,22,22,22
Pden_3404,26,25,25,25,26,26
Pden_4249,23,#NUM!,#NUM!,#NUM!,#NUM!,23
Pden_0623,#NUM!,#NUM!,22,22,22,22
Pden_4708,24,25,#NUM!,24,24,#NUM!
hutH,25,25,25,25,25,25
rbfA,#NUM!,23,23,23,23,22
Pden_0808,24,23,24,24,24,24
Pden_3260,19,19,19,20,20,21
Pden_1808,26,27,26,26,26,26
Pden_5067,#NUM!,20,21,21,#NUM!,21
Pden_2951,24,25,24,24,24,24
Pden_0932,24,24,24,24,24,24
Pden_1309,24,24,24,23,24,24
Pden_3806,25,26,25,25,26,26
Pden_2215,21,#NUM!,#NUM!,#NUM!,21,21
Pden_4382,#NUM!,#NUM!,22,#NUM!,23,#NUM!
Pden_0956,22,#NUM!,22,22,23,22
Pden_2834,25,25,25,25,25,25
Pden_1932,22,23,23,23,23,23
Pden_3716,26,26,26,26,26,26
Pden_2786,25,24,24,24,24,24
rpmD,26,26,26,26,26,26
Pden_1772,#NUM!,22,#NUM!,#NUM!,22,#NUM!
cysQ,25,25,25,25,25,25
Pden_1219,22,21,#NUM!,22,#NUM!,21
serS,24,24,24,24,24,24
Pden_0321,24,25,25,25,25,25
Pden_3688,23,23,23,24,23,23
Pden_1809,23,23,23,23,23,23
Pden_2905,23,23,23,23,23,23
Pden_2095,24,24,24,23,24,24
ybeY,#NUM!,#NUM!,#NUM!,#NUM!,22,#NUM!
Pden_2848,23,#NUM!,23,23,23,23
gph,24,23,23,24,23,23
Pden_1395,23,24,23,24,23,24
Pden_3669,24,24,24,24,24,24
Pden_4515,21,21,21,22,20,21
mdh,28,28,28,28,28,28
Pden_2518,25,25,25,25,25,25
Pden_2764,25,25,25,25,25,25
ccmE,24,23,23,23,23,23
Pden_0725,#NUM!,20,#NUM!,#NUM!,#NUM!,21
Pden_0859,23,23,23,23,23,#NUM!
Pden_1362,24,24,24,24,24,24
Pden_2608,23,23,23,23,23,23
Pden_0624,#NUM!,21,#NUM!,#NUM!,#NUM!,#NUM!
trpE,23,23,23,23,23,23
Pden_3856,21,20,20,#NUM!,20,20
nadE,22,22,22,22,22,22
mfd,21,21,21,#NUM!,21,21
Pden_0537,22,23,23,23,23,23
Pden_4212,25,25,#NUM!,#NUM!,#NUM!,#NUM!
rpoD,25,25,25,25,25,25
Pden_1874,#NUM!,#NUM!,#NUM!,#NUM!,#NUM!,23
Pden_2714,24,24,24,24,24,24
Pden_0651,23,23,23,23,23,23
Pden_4411,21,#NUM!,21,21,21,21
Pden_4469,22,23,22,22,22,23
Pden_3636,#NUM!,25,25,25,24,24
Pden_4375,#NUM!,#NUM!,22,22,22,#NUM!
selD,24,24,23,24,23,24
queA,#NUM!,21,20,21,21,#NUM!
Pden_2839,24,23,23,23,23,24
Pden_1877,21,22,22,22,21,21
Pden_2204,23,22,22,22,23,#NUM!
parC,24,24,23,24,24,24
Pden_0655,#NUM!,#NUM!,21,21,#NUM!,21
dxr,#NUM!,21,21,21,21,21
Pden_1796,#NUM!,21,21,21,21,21
panC,#NUM!,#NUM!,21,21,#NUM!,#NUM!
Pden_2206,23,23,24,23,23,24
uvrA,22,22,22,22,22,22
pyrE,24,24,24,24,24,24
Pden_2047,#NUM!,21,#NUM!,21,21,#NUM!
Pden_2840,22,#NUM!,#NUM!,22,22,#NUM!
argJ,25,25,25,25,25,25
mnmG,#NUM!,21,21,21,21,21
Pden_3963,#NUM!,23,23,23,23,23
ddl,22,22,23,22,22,22
polA,23,22,22,22,22,23
Pden_2188,#NUM!,20,#NUM!,20,#NUM!,#NUM!
Pden_0057,#NUM!,22,#NUM!,22,22,#NUM!
Pden_0239,#NUM!,#NUM!,22,#NUM!,#NUM!,#NUM!
Pden_1736,24,24,24,24,24,24
Pden_0739,#NUM!,20,21,21,#NUM!,#NUM!
Pden_4480,21,21,21,22,22,22
cmk,24,24,24,24,24,24
Pden_2958,24,23,24,24,23,23
Pden_0617,#NUM!,22,22,21,21,21
Pden_3216,23,24,24,24,24,24
Pden_1384,23,23,23,23,23,23
Pden_2909,24,24,24,24,24,24
tolQ,23,23,23,23,23,23
Pden_0973,#NUM!,#NUM!,#NUM!,23,23,#NUM!
rpsR,27,27,27,27,28,27
Pden_3587,23,22,22,22,22,22
Pden_2980,25,25,25,25,25,25
Pden_4759,25,26,26,26,26,26
Pden_3648,25,25,25,25,25,25
Pden_4506,23,23,23,23,23,23
Pden_5023,23,23,23,23,23,23
hutU,26,26,26,26,26,26
murA,24,24,24,24,24,24
Pden_3215,#NUM!,23,24,24,#NUM!,24
Pden_2870,23,22,23,22,22,22
Pden_4683,#NUM!,#NUM!,24,24,#NUM!,24
Pden_4387,26,25,25,25,25,25
greA,25,25,25,25,25,25
Pden_4684,24,24,24,24,24,24
acsA,25,25,25,25,25,25
Pden_3812,24,24,24,24,24,24
Pden_1716,23,23,22,23,23,23
Pden_2942,23,22,22,22,22,22
Pden_1679,#NUM!,21,22,#NUM!,22,22
Pden_2550,27,27,27,27,27,27
Pden_3809,23,22,22,#NUM!,23,23
trpB,24,24,24,24,24,24
Pden_4202,23,23,23,23,23,23
bhcA,#NUM!,21,21,#NUM!,21,21
Pden_0714,23,24,24,24,24,24
tsf,28,28,28,28,28,28
pyrG,25,25,25,25,25,25
Pden_3795,#NUM!,23,23,23,23,23
coaD,24,24,24,24,24,24
aroB,24,23,23,23,23,24
Pden_1834,#NUM!,21,21,22,21,21
rplJ,27,27,28,28,27,27
rpsN,26,27,27,26,27,27
Pden_2027,27,27,26,27,27,27
murC,23,24,24,24,24,24
infA,25,25,25,25,25,25
Pden_4804,#NUM!,21,20,20,#NUM!,21
Pden_2243,25,25,25,25,25,25
argC,23,24,24,24,24,24
secD,25,25,25,25,25,25
Pden_1389,20,20,20,21,21,21
Pden_0435,22,#NUM!,22,#NUM!,22,21
Pden_2191,22,22,22,22,22,22
rplK,26,26,26,26,26,26
Pden_1304,24,24,24,24,24,24
Pden_2557,22,22,22,22,22,22
Pden_1291,#NUM!,24,#NUM!,24,#NUM!,#NUM!
Pden_1826,#NUM!,23,23,23,23,23
Pden_1408,23,23,23,23,23,22
kynU,23,22,#NUM!,#NUM!,22,22
Pden_4915,#NUM!,22,#NUM!,#NUM!,#NUM!,22
rpmE,27,27,27,27,28,27
secF,23,22,22,22,22,23
Pden_3952,#NUM!,21,21,21,21,21
aroE,#NUM!,21,21,21,#NUM!,21
Pden_1324,#NUM!,22,22,22,22,22
Pden_0555,25,25,25,25,25,25
Pden_0611,25,25,25,25,25,25
rplW,28,27,27,27,27,27
fusA,28,28,28,28,28,28
Pden_2364,22,23,23,23,23,23
Pden_2009,20,#NUM!,#NUM!,#NUM!,19,#NUM!
rplL,29,29,29,29,29,29
bhcD,#NUM!,#NUM!,21,21,21,#NUM!
Pden_1876,27,26,26,26,26,26
Pden_4805,21,22,22,22,22,22
Pden_2823,#NUM!,23,#NUM!,22,#NUM!,#NUM!
alaS,25,25,25,25,25,25
nusG,26,26,26,26,26,26
Pden_3591,#NUM!,22,22,21,21,22
leuB,26,26,26,26,26,26
Pden_1766,26,25,25,25,26,25
Pden_1677,#NUM!,22,22,23,21,21
Pden_0089,26,26,26,26,26,26
gcvP,25,24,24,25,24,25
era,23,23,23,23,23,23
Pden_2314,#NUM!,#NUM!,20,#NUM!,20,#NUM!
Pden_2017,22,22,#NUM!,22,#NUM!,#NUM!
Pden_4510,23,22,22,23,22,22
rplY,27,27,27,27,27,27
tyrS,24,24,24,24,24,24
Pden_0691,#NUM!,#NUM!,22,22,#NUM!,22
tgt,22,23,23,23,23,23
tolB,24,24,24,24,24,24
bipA,25,25,25,25,25,25
Pden_0322,24,24,24,24,24,24
eno,27,27,26,27,27,27
gmk,#NUM!,22,#NUM!,22,21,22
Pden_2224,23,24,24,24,24,24
Pden_2984,#NUM!,#NUM!,#NUM!,#NUM!,22,#NUM!
Pden_2573,23,23,23,23,23,23
Pden_4330,23,#NUM!,23,22,23,23
Pden_3638,#NUM!,21,#NUM!,#NUM!,20,#NUM!
Pden_3979,22,21,21,21,21,#NUM!
Pden_0539,23,23,23,23,23,23
Pden_2005,21,22,22,22,22,22
Pden_2567,22,#NUM!,22,#NUM!,22,22
Pden_2678,22,22,21,21,22,22
Pden_0799,23,23,23,23,23,23
coaBC,23,23,23,23,23,23
metK,25,25,25,25,25,25
Pden_1818,21,#NUM!,22,22,21,#NUM!
Pden_1916,25,25,25,25,25,26
Pden_2593,22,21,22,22,22,#NUM!
Pden_2940,22,22,#NUM!,22,#NUM!,22
argG,26,26,26,26,26,26
Pden_0958,22,22,22,22,22,22
apt,23,23,23,23,23,23
Pden_0040,21,21,21,21,21,22
Pden_4391,#NUM!,24,24,24,24,24
Pden_2128,23,22,#NUM!,22,22,22
frr,25,25,24,25,25,25
Pden_4308,25,24,24,24,24,25
Pden_4811,22,22,22,23,23,23
gltX2,24,24,24,24,24,24
metZ,25,24,24,24,24,24
Pden_2960,21,21,21,21,21,21
Pden_2964,24,24,24,24,24,24
proC,23,23,22,23,23,23
groES,29,28,29,29,29,29
Pden_2263,23,23,24,24,24,23
Pden_1848,20,#NUM!,#NUM!,#NUM!,#NUM!,19
Pden_3248,#NUM!,22,22,22,#NUM!,#NUM!
rpoA,27,27,27,27,27,27
Pden_2341,21,20,21,21,20,21
Pden_0952,#NUM!,#NUM!,21,21,#NUM!,21
trpS,24,24,24,24,24,24
Pden_4390,21,#NUM!,#NUM!,#NUM!,#NUM!,22
Pden_2685,22,22,22,22,22,22
Pden_2531,25,25,25,25,25,25
rplP,27,26,26,26,26,26
purK,23,23,23,23,23,23
ispH,23,23,#NUM!,23,22,23
secY,23,23,23,23,23,23
Pden_0503,#NUM!,22,22,#NUM!,22,22
Pden_1996,24,23,23,23,23,24
Pden_2383,22,22,23,22,22,22
dadA,23,23,23,24,23,23
Pden_1767,22,22,22,22,22,22
Pden_3858,#NUM!,21,21,21,#NUM!,20
pal,22,22,22,22,22,22
ileS,24,24,24,24,24,24
Pden_3670,25,25,25,25,25,25
Pden_2756,27,27,27,27,27,27
atpF,25,25,25,25,25,25
pth,22,22,22,#NUM!,22,22
Pden_4462,26,26,26,26,26,26
Pden_4038,#NUM!,22,22,22,22,22
katG,28,28,28,28,28,28
Pden_4433,21,#NUM!,21,21,21,21
Pden_2187,23,23,22,23,23,23
ilvA,23,23,23,23,23,23
Pden_0599,24,25,25,24,25,25
Pden_3641,22,21,#NUM!,22,21,21
lpxD,24,24,24,24,24,24
hslV,22,23,23,23,23,23
Pden_0896,26,26,25,25,26,26
Pden_3860,23,23,22,22,23,23
Pden_3086,#NUM!,#NUM!,21,#NUM!,#NUM!,21
Pden_0490,23,23,23,23,23,23
Pden_3659,26,25,25,25,25,25
Pden_2538,22,#NUM!,22,#NUM!,#NUM!,#NUM!
Pden_0709,25,24,25,25,25,25
moaA,22,#NUM!,22,22,22,22
rplB,28,28,28,27,28,28
Pden_0572,25,25,25,25,25,25
thrS,24,24,24,24,25,24
Pden_4758,25,25,25,25,25,25
Pden_3887,#NUM!,#NUM!,24,23,23,23
rpoH,22,22,22,22,22,22
Pden_2170,25,25,25,25,25,25
Pden_0716,26,26,26,26,26,26
Pden_1107,22,21,21,21,21,21
Pden_5029,22,22,22,22,22,22
Pden_4500,22,22,22,23,22,22
trpC,23,24,24,24,24,24
Pden_2797,22,#NUM!,#NUM!,#NUM!,23,#NUM!
fghA,#NUM!,24,25,24,24,24
Pden_5007,#NUM!,21,#NUM!,#NUM!,20,#NUM!
Pden_3822,23,22,22,23,22,22
Pden_0721,21,21,21,22,21,21
Pden_3642,22,23,23,23,23,23
Pden_3673,24,24,24,24,24,24
Pden_0581,23,23,23,23,23,23
ftsZ,25,25,25,25,25,25
Pden_5036,23,23,23,23,23,23
Pden_2654,#NUM!,25,#NUM!,#NUM!,24,24
Pden_4502,23,23,22,22,23,23
Pden_1649,25,25,24,25,25,25
Pden_2581,22,#NUM!,22,22,22,22
Pden_2228,23,23,23,23,22,23
Pden_1917,26,26,26,25,26,26
lepA,24,24,24,24,24,24
Pden_1653,24,23,23,23,24,24
nadA,23,23,24,23,23,23
Pden_5066,23,23,23,23,24,23
Pden_0563,#NUM!,23,#NUM!,#NUM!,23,#NUM!
Pden_1804,#NUM!,#NUM!,21,21,#NUM!,#NUM!
Pden_2726,25,25,25,25,25,25
pheS,25,25,25,25,25,25
Pden_4101,23,24,24,24,24,24
prfC,23,23,23,23,23,23
Pden_2185,#NUM!,21,21,#NUM!,22,21
Pden_5095,23,23,23,23,23,23
Pden_3655,22,21,#NUM!,21,21,21
Pden_4724,23,23,23,23,23,23
Pden_1712,21,22,22,22,22,22
ahcY,26,26,26,26,26,26
Pden_1909,24,24,24,24,24,24
Pden_1780,23,23,23,23,23,23
Pden_0167,21,21,22,21,#NUM!,22
Pden_3995,21,#NUM!,#NUM!,#NUM!,#NUM!,21
hisD,22,24,23,23,23,23
Pden_2510,23,23,22,22,23,23
Pden_4041,24,24,24,24,24,24
asd,25,25,25,25,25,25
Pden_2736,26,25,25,25,25,25
Pden_3970,24,24,24,24,24,24
Pden_2233,24,23,23,24,24,24
fmt,#NUM!,#NUM!,#NUM!,#NUM!,#NUM!,21
Pden_2033,22,22,22,22,22,22
purM,25,25,25,25,25,25
Pden_0420,23,23,23,23,23,23
Pden_3871,#NUM!,21,20,20,#NUM!,#NUM!
Pden_4799,#NUM!,#NUM!,#NUM!,#NUM!,#NUM!,22
purA,25,25,25,25,25,25
murG,22,#NUM!,22,22,#NUM!,22
argH,24,24,24,23,24,24
Pden_1493,#NUM!,20,20,20,#NUM!,20
purH,26,26,26,26,26,26
Pden_0505,24,25,24,24,24,24
Pden_2321,24,24,24,24,24,24
Pden_0016,23,23,23,23,23,23
Pden_0892,25,25,25,25,26,26
engB,22,22,22,22,22,22
Pden_4100,23,23,#NUM!,#NUM!,23,23
trmJ,22,22,22,22,22,22
Pden_0482,23,23,24,24,24,24
guaB,26,26,26,26,26,26
Pden_1380,23,22,22,23,23,23
atpC,26,26,26,26,26,26
Pden_0522,24,24,24,24,24,24
Pden_3785,22,22,22,22,22,22
Pden_3660,24,24,24,24,24,24
Pden_0626,22,21,#NUM!,#NUM!,#NUM!,22
Pden_2306,#NUM!,25,24,24,24,24
Pden_3879,22,22,#NUM!,22,#NUM!,23
Pden_3645,24,24,25,24,25,25
Pden_0528,23,22,22,22,22,22
Pden_2141,22,22,22,22,22,22
Pden_4135,24,23,23,23,23,23
Pden_3007,#NUM!,22,#NUM!,#NUM!,#NUM!,22
pdxA,#NUM!,21,22,22,20,21
Pden_4846,#NUM!,21,#NUM!,20,#NUM!,#NUM!
Pden_2145,#NUM!,21,#NUM!,21,#NUM!,21
map,24,24,24,24,24,24
minE,25,25,25,25,25,25
Pden_1895,21,#NUM!,#NUM!,#NUM!,#NUM!,21
Pden_4326,21,22,#NUM!,21,20,21
Pden_2014,#NUM!,#NUM!,22,#NUM!,#NUM!,#NUM!
queF,23,23,23,23,23,23
panB,#NUM!,#NUM!,22,#NUM!,#NUM!,#NUM!
Pden_0729,21,22,22,21,22,22
Pden_3237,21,#NUM!,#NUM!,#NUM!,#NUM!,#NUM!
gpt,25,25,25,24,25,24
Pden_1528,#NUM!,20,20,#NUM!,20,20
gyrA,24,24,24,24,24,24
Pden_4003,24,24,24,24,24,23
Pden_0790,#NUM!,#NUM!,22,22,#NUM!,#NUM!
Pden_1243,#NUM!,21,#NUM!,21,#NUM!,#NUM!
groEL1,30,30,30,30,30,30
Pden_0401,22,22,22,22,22,22
Pden_0910,23,23,23,23,23,23
gcvH,#NUM!,#NUM!,22,#NUM!,21,#NUM!
Pden_2289,23,24,24,24,24,24
Pden_1969,#NUM!,#NUM!,#NUM!,#NUM!,#NUM!,#NUM!
Pden_2369,24,23,#NUM!,23,23,23
Pden_0652,#NUM!,21,21,21,21,21
Pden_4315,24,24,24,24,24,24
Pden_0960,23,23,23,23,23,23
Pden_5058,#NUM!,#NUM!,19,#NUM!,#NUM!,#NUM!
rplX,26,25,25,25,25,25
trhO,#NUM!,#NUM!,#NUM!,21,#NUM!,#NUM!
hisS,24,24,24,24,24,24
Pden_4666,#NUM!,22,#NUM!,22,#NUM!,#NUM!
clpX,26,26,26,26,26,26
Pden_2175,23,23,23,24,23,23
argS,25,25,25,25,25,25
Pden_3908,#NUM!,22,23,23,22,#NUM!
Pden_4066,22,22,22,22,22,22
Pden_5043,#NUM!,#NUM!,21,21,#NUM!,#NUM!
Pden_0848,25,24,24,24,24,24
Pden_0918,#NUM!,#NUM!,22,22,#NUM!,23
Pden_4127,24,23,23,23,24,23
Pden_1273,#NUM!,21,#NUM!,#NUM!,#NUM!,21
ilvC,27,27,27,27,27,27
ftsH,24,24,24,24,24,24
ligA,22,21,22,22,21,22
bioB2,#NUM!,#NUM!,#NUM!,#NUM!,23,#NUM!
tsaD,#NUM!,21,#NUM!,20,#NUM!,#NUM!
Pden_1978,#NUM!,#NUM!,#NUM!,23,#NUM!,#NUM!
Pden_2121,#NUM!,21,#NUM!,21,#NUM!,#NUM!
lysS,25,26,25,25,25,25
Pden_5035,22,22,22,22,22,23
efp,25,25,25,25,25,25
Pden_2169,25,25,25,25,25,25
Pden_2189,26,26,26,26,26,26
ftsA,21,22,#NUM!,#NUM!,21,#NUM!
Pden_1290,#NUM!,22,21,21,21,#NUM!
Pden_2264,24,24,24,24,24,24
pepA,23,23,23,23,23,23
Pden_2767,#NUM!,#NUM!,#NUM!,21,#NUM!,#NUM!
Pden_1941,24,24,24,24,24,24
Pden_0007,23,24,24,24,24,24
Pden_2872,24,23,23,24,23,23
Pden_0792,#NUM!,#NUM!,21,21,#NUM!,#NUM!
Pden_1327,23,23,#NUM!,23,23,#NUM!
Pden_4255,21,#NUM!,#NUM!,#NUM!,#NUM!,21
rpsH,28,28,28,28,28,28
Pden_2245,22,#NUM!,#NUM!,#NUM!,#NUM!,22
Pden_1669,#NUM!,23,#NUM!,#NUM!,#NUM!,#NUM!
Pden_1400,#NUM!,20,21,21,#NUM!,21
Pden_2236,25,25,25,26,25,25
nusA,25,25,25,25,25,25
Pden_3050,#NUM!,21,#NUM!,20,#NUM!,#NUM!
lexA,#NUM!,23,23,23,23,23
Pden_1667,24,24,24,24,24,24
dapD,24,25,25,25,25,25
Pden_3891,26,26,26,26,26,26
tmk,23,22,22,22,22,23
Pden_4061,21,#NUM!,#NUM!,#NUM!,#NUM!,21
Pden_1368,23,23,23,23,23,23
rplA,28,28,28,28,28,28
purC,24,25,25,25,24,25
Pden_4447,25,24,24,24,24,25
nirS,22,22,22,22,22,22
Pden_0090,27,27,27,27,27,27
Pden_2237,23,23,#NUM!,23,#NUM!,23
Pden_2742,23,24,24,24,24,24
nuoI,25,25,25,25,25,24
sucC,28,28,28,28,28,28
Pden_1823,24,23,23,23,23,23
adk,26,26,26,27,26,26
sucD,28,28,28,28,28,28
Pden_4244,22,#NUM!,#NUM!,#NUM!,#NUM!,22
accA,24,25,24,24,24,24
mnmE,#NUM!,#NUM!,#NUM!,#NUM!,#NUM!,#NUM!
rpmJ,#NUM!,#NUM!,#NUM!,#NUM!,#NUM!,#NUM!
acpS,#NUM!,#NUM!,#NUM!,#NUM!,#NUM!,#NUM!
ispE,#NUM!,#NUM!,#NUM!,#NUM!,#NUM!,#NUM!
uppP,#NUM!,#NUM!,#NUM!,#NUM!,#NUM!,#NUM!
truA,#NUM!,#NUM!,#NUM!,#NUM!,#NUM!,#NUM!
gatC,#NUM!,#NUM!,#NUM!,#NUM!,#NUM!,#NUM!
ruvA,#NUM!,#NUM!,#NUM!,#NUM!,#NUM!,#NUM!
Pden_0874,#NUM!,#NUM!,#NUM!,#NUM!,#NUM!,#NUM!
ttcA,#NUM!,#NUM!,#NUM!,#NUM!,#NUM!,#NUM!
Pden_1184,#NUM!,#NUM!,#NUM!,#NUM!,#NUM!,#NUM!
Pden_1185,#NUM!,#NUM!,#NUM!,#NUM!,#NUM!,#NUM!
hpbD,#NUM!,#NUM!,#NUM!,#NUM!,#NUM!,#NUM!
cbbL,#NUM!,#NUM!,#NUM!,#NUM!,#NUM!,#NUM!
rpmF,#NUM!,#NUM!,#NUM!,#NUM!,#NUM!,#NUM!
hisE,#NUM!,#NUM!,#NUM!,#NUM!,#NUM!,#NUM!
lipB,#NUM!,#NUM!,#NUM!,#NUM!,#NUM!,#NUM!
Pden_1958,#NUM!,#NUM!,#NUM!,#NUM!,#NUM!,#NUM!
Pden_1985,#NUM!,#NUM!,#NUM!,#NUM!,#NUM!,#NUM!
rimO,#NUM!,#NUM!,#NUM!,#NUM!,#NUM!,#NUM!
trpD,#NUM!,#NUM!,#NUM!,#NUM!,#NUM!,#NUM!
coaX,#NUM!,#NUM!,#NUM!,#NUM!,#NUM!,#NUM!
nuoB,#NUM!,#NUM!,#NUM!,#NUM!,#NUM!,#NUM!
mscL,#NUM!,#NUM!,#NUM!,#NUM!,#NUM!,#NUM!
rpsU,#NUM!,#NUM!,#NUM!,#NUM!,#NUM!,#NUM!
Pden_2850,#NUM!,#NUM!,#NUM!,#NUM!,#NUM!,#NUM!
atpB,#NUM!,#NUM!,#NUM!,#NUM!,#NUM!,#NUM!
rnhA,#NUM!,#NUM!,#NUM!,#NUM!,#NUM!,#NUM!
recR,#NUM!,#NUM!,#NUM!,#NUM!,#NUM!,#NUM!
trpF,#NUM!,#NUM!,#NUM!,#NUM!,#NUM!,#NUM!
bhcB,#NUM!,#NUM!,#NUM!,#NUM!,#NUM!,#NUM!
proB,#NUM!,#NUM!,#NUM!,#NUM!,#NUM!,#NUM!
trmFO,#NUM!,#NUM!,#NUM!,#NUM!,#NUM!,#NUM!
folE2,#NUM!,#NUM!,#NUM!,#NUM!,#NUM!,#NUM!
norQ,#NUM!,#NUM!,#NUM!,#NUM!,#NUM!,#NUM!
Pden_0012,#NUM!,#NUM!,#NUM!,#NUM!,#NUM!,#NUM!
Pden_0020,#NUM!,#NUM!,#NUM!,#NUM!,#NUM!,#NUM!
Pden_0024,#NUM!,#NUM!,#NUM!,#NUM!,#NUM!,#NUM!
Pden_0026,#NUM!,#NUM!,#NUM!,#NUM!,#NUM!,#NUM!
mobA,#NUM!,#NUM!,#NUM!,#NUM!,#NUM!,#NUM!
Pden_0034,#NUM!,#NUM!,#NUM!,#NUM!,#NUM!,#NUM!
Pden_0048,#NUM!,#NUM!,#NUM!,#NUM!,#NUM!,#NUM!
Pden_0101,#NUM!,#NUM!,#NUM!,#NUM!,#NUM!,#NUM!
Pden_0112,#NUM!,#NUM!,#NUM!,#NUM!,#NUM!,#NUM!
Pden_3359,#NUM!,#NUM!,#NUM!,#NUM!,#NUM!,#NUM!
Pden_0188,#NUM!,#NUM!,#NUM!,#NUM!,#NUM!,#NUM!
Pden_0191,#NUM!,#NUM!,#NUM!,#NUM!,#NUM!,#NUM!
Pden_0210,#NUM!,#NUM!,#NUM!,#NUM!,#NUM!,#NUM!
Pden_0229,#NUM!,#NUM!,#NUM!,#NUM!,#NUM!,#NUM!
Pden_0241,#NUM!,#NUM!,#NUM!,#NUM!,#NUM!,#NUM!
Pden_0244,#NUM!,#NUM!,#NUM!,#NUM!,#NUM!,#NUM!
Pden_0279,#NUM!,#NUM!,#NUM!,#NUM!,#NUM!,#NUM!
Pden_0325,#NUM!,#NUM!,#NUM!,#NUM!,#NUM!,#NUM!
Pden_0330,#NUM!,#NUM!,#NUM!,#NUM!,#NUM!,#NUM!
Pden_0332,#NUM!,#NUM!,#NUM!,#NUM!,#NUM!,#NUM!
Pden_0393,#NUM!,#NUM!,#NUM!,#NUM!,#NUM!,#NUM!
dapF,#NUM!,#NUM!,#NUM!,#NUM!,#NUM!,#NUM!
Pden_0396,#NUM!,#NUM!,#NUM!,#NUM!,#NUM!,#NUM!
xseB,#NUM!,#NUM!,#NUM!,#NUM!,#NUM!,#NUM!
Pden_0402,#NUM!,#NUM!,#NUM!,#NUM!,#NUM!,#NUM!
Pden_0410,#NUM!,#NUM!,#NUM!,#NUM!,#NUM!,#NUM!
Pden_0433,#NUM!,#NUM!,#NUM!,#NUM!,#NUM!,#NUM!
Pden_0439,#NUM!,#NUM!,#NUM!,#NUM!,#NUM!,#NUM!
Pden_0472,#NUM!,#NUM!,#NUM!,#NUM!,#NUM!,#NUM!
vapC,#NUM!,#NUM!,#NUM!,#NUM!,#NUM!,#NUM!
Pden_0486,#NUM!,#NUM!,#NUM!,#NUM!,#NUM!,#NUM!
Pden_0489,#NUM!,#NUM!,#NUM!,#NUM!,#NUM!,#NUM!
Pden_0507,#NUM!,#NUM!,#NUM!,#NUM!,#NUM!,#NUM!
Pden_0521,#NUM!,#NUM!,#NUM!,#NUM!,#NUM!,#NUM!
Pden_0524,#NUM!,#NUM!,#NUM!,#NUM!,#NUM!,#NUM!
Pden_0532,#NUM!,#NUM!,#NUM!,#NUM!,#NUM!,#NUM!
Pden_0535,#NUM!,#NUM!,#NUM!,#NUM!,#NUM!,#NUM!
Pden_0541,#NUM!,#NUM!,#NUM!,#NUM!,#NUM!,#NUM!
Pden_0544,#NUM!,#NUM!,#NUM!,#NUM!,#NUM!,#NUM!
Pden_0546,#NUM!,#NUM!,#NUM!,#NUM!,#NUM!,#NUM!
Pden_0549,#NUM!,#NUM!,#NUM!,#NUM!,#NUM!,#NUM!
Pden_0553,#NUM!,#NUM!,#NUM!,#NUM!,#NUM!,#NUM!
Pden_0567,#NUM!,#NUM!,#NUM!,#NUM!,#NUM!,#NUM!
Pden_0580,#NUM!,#NUM!,#NUM!,#NUM!,#NUM!,#NUM!
mraZ,#NUM!,#NUM!,#NUM!,#NUM!,#NUM!,#NUM!
Pden_0596,#NUM!,#NUM!,#NUM!,#NUM!,#NUM!,#NUM!
Pden_0620,#NUM!,#NUM!,#NUM!,#NUM!,#NUM!,#NUM!
Pden_0627,#NUM!,#NUM!,#NUM!,#NUM!,#NUM!,#NUM!
Pden_0639,#NUM!,#NUM!,#NUM!,#NUM!,#NUM!,#NUM!
def,#NUM!,#NUM!,#NUM!,#NUM!,#NUM!,#NUM!
Pden_0657,#NUM!,#NUM!,#NUM!,#NUM!,#NUM!,#NUM!
Pden_0660,#NUM!,#NUM!,#NUM!,#NUM!,#NUM!,#NUM!
Pden_0668,#NUM!,#NUM!,#NUM!,#NUM!,#NUM!,#NUM!
Pden_0681,#NUM!,#NUM!,#NUM!,#NUM!,#NUM!,#NUM!
Pden_0684,#NUM!,#NUM!,#NUM!,#NUM!,#NUM!,#NUM!
Pden_0685,#NUM!,#NUM!,#NUM!,#NUM!,#NUM!,#NUM!
Pden_0708,#NUM!,#NUM!,#NUM!,#NUM!,#NUM!,#NUM!
Pden_0718,#NUM!,#NUM!,#NUM!,#NUM!,#NUM!,#NUM!
Pden_0727,#NUM!,#NUM!,#NUM!,#NUM!,#NUM!,#NUM!
Pden_0730,#NUM!,#NUM!,#NUM!,#NUM!,#NUM!,#NUM!
Pden_0733,#NUM!,#NUM!,#NUM!,#NUM!,#NUM!,#NUM!
Pden_0736,#NUM!,#NUM!,#NUM!,#NUM!,#NUM!,#NUM!
Pden_0737,#NUM!,#NUM!,#NUM!,#NUM!,#NUM!,#NUM!
Pden_0788,#NUM!,#NUM!,#NUM!,#NUM!,#NUM!,#NUM!
Pden_0791,#NUM!,#NUM!,#NUM!,#NUM!,#NUM!,#NUM!
Pden_0806,#NUM!,#NUM!,#NUM!,#NUM!,#NUM!,#NUM!
Pden_0826,#NUM!,#NUM!,#NUM!,#NUM!,#NUM!,#NUM!
Pden_0838,#NUM!,#NUM!,#NUM!,#NUM!,#NUM!,#NUM!
Pden_0851,#NUM!,#NUM!,#NUM!,#NUM!,#NUM!,#NUM!
rpmH,#NUM!,#NUM!,#NUM!,#NUM!,#NUM!,#NUM!
prmC,#NUM!,#NUM!,#NUM!,#NUM!,#NUM!,#NUM!
Pden_0919,#NUM!,#NUM!,#NUM!,#NUM!,#NUM!,#NUM!
Pden_0928,#NUM!,#NUM!,#NUM!,#NUM!,#NUM!,#NUM!
Pden_0931,#NUM!,#NUM!,#NUM!,#NUM!,#NUM!,#NUM!
Pden_0937,#NUM!,#NUM!,#NUM!,#NUM!,#NUM!,#NUM!
Pden_1193,#NUM!,#NUM!,#NUM!,#NUM!,#NUM!,#NUM!
Pden_0983,#NUM!,#NUM!,#NUM!,#NUM!,#NUM!,#NUM!
Pden_1025,#NUM!,#NUM!,#NUM!,#NUM!,#NUM!,#NUM!
Pden_1045,#NUM!,#NUM!,#NUM!,#NUM!,#NUM!,#NUM!
Pden_1047,#NUM!,#NUM!,#NUM!,#NUM!,#NUM!,#NUM!
Pden_1077,#NUM!,#NUM!,#NUM!,#NUM!,#NUM!,#NUM!
Pden_1093,#NUM!,#NUM!,#NUM!,#NUM!,#NUM!,#NUM!
Pden_1106,#NUM!,#NUM!,#NUM!,#NUM!,#NUM!,#NUM!
Pden_1121,#NUM!,#NUM!,#NUM!,#NUM!,#NUM!,#NUM!
Pden_1168,#NUM!,#NUM!,#NUM!,#NUM!,#NUM!,#NUM!
Pden_1176,#NUM!,#NUM!,#NUM!,#NUM!,#NUM!,#NUM!
Pden_1215,#NUM!,#NUM!,#NUM!,#NUM!,#NUM!,#NUM!
Pden_1216,#NUM!,#NUM!,#NUM!,#NUM!,#NUM!,#NUM!
Pden_1232,#NUM!,#NUM!,#NUM!,#NUM!,#NUM!,#NUM!
Pden_1237,#NUM!,#NUM!,#NUM!,#NUM!,#NUM!,#NUM!
Pden_1238,#NUM!,#NUM!,#NUM!,#NUM!,#NUM!,#NUM!
Pden_1240,#NUM!,#NUM!,#NUM!,#NUM!,#NUM!,#NUM!
Pden_1244,#NUM!,#NUM!,#NUM!,#NUM!,#NUM!,#NUM!
Pden_1249,#NUM!,#NUM!,#NUM!,#NUM!,#NUM!,#NUM!
Pden_1251,#NUM!,#NUM!,#NUM!,#NUM!,#NUM!,#NUM!
Pden_1262,#NUM!,#NUM!,#NUM!,#NUM!,#NUM!,#NUM!
Pden_1267,#NUM!,#NUM!,#NUM!,#NUM!,#NUM!,#NUM!
Pden_1281,#NUM!,#NUM!,#NUM!,#NUM!,#NUM!,#NUM!
aroK,#NUM!,#NUM!,#NUM!,#NUM!,#NUM!,#NUM!
Pden_1289,#NUM!,#NUM!,#NUM!,#NUM!,#NUM!,#NUM!
Pden_1292,#NUM!,#NUM!,#NUM!,#NUM!,#NUM!,#NUM!
Pden_1294,#NUM!,#NUM!,#NUM!,#NUM!,#NUM!,#NUM!
Pden_1313,#NUM!,#NUM!,#NUM!,#NUM!,#NUM!,#NUM!
Pden_1326,#NUM!,#NUM!,#NUM!,#NUM!,#NUM!,#NUM!
Pden_1366,#NUM!,#NUM!,#NUM!,#NUM!,#NUM!,#NUM!
Pden_1387,#NUM!,#NUM!,#NUM!,#NUM!,#NUM!,#NUM!
Pden_1398,#NUM!,#NUM!,#NUM!,#NUM!,#NUM!,#NUM!
Pden_1405,#NUM!,#NUM!,#NUM!,#NUM!,#NUM!,#NUM!
Pden_1414,#NUM!,#NUM!,#NUM!,#NUM!,#NUM!,#NUM!
Pden_1418,#NUM!,#NUM!,#NUM!,#NUM!,#NUM!,#NUM!
Pden_1419,#NUM!,#NUM!,#NUM!,#NUM!,#NUM!,#NUM!
dusA,#NUM!,#NUM!,#NUM!,#NUM!,#NUM!,#NUM!
Pden_1439,#NUM!,#NUM!,#NUM!,#NUM!,#NUM!,#NUM!
Pden_1469,#NUM!,#NUM!,#NUM!,#NUM!,#NUM!,#NUM!
Pden_1492,#NUM!,#NUM!,#NUM!,#NUM!,#NUM!,#NUM!
Pden_1529,#NUM!,#NUM!,#NUM!,#NUM!,#NUM!,#NUM!
Pden_1534,#NUM!,#NUM!,#NUM!,#NUM!,#NUM!,#NUM!
Pden_1545,#NUM!,#NUM!,#NUM!,#NUM!,#NUM!,#NUM!
Pden_1565,#NUM!,#NUM!,#NUM!,#NUM!,#NUM!,#NUM!
Pden_1568,#NUM!,#NUM!,#NUM!,#NUM!,#NUM!,#NUM!
Pden_1604,#NUM!,#NUM!,#NUM!,#NUM!,#NUM!,#NUM!
Pden_1605,#NUM!,#NUM!,#NUM!,#NUM!,#NUM!,#NUM!
Pden_1608,#NUM!,#NUM!,#NUM!,#NUM!,#NUM!,#NUM!
Pden_1661,#NUM!,#NUM!,#NUM!,#NUM!,#NUM!,#NUM!
Pden_1672,#NUM!,#NUM!,#NUM!,#NUM!,#NUM!,#NUM!
Pden_1674,#NUM!,#NUM!,#NUM!,#NUM!,#NUM!,#NUM!
Pden_1681,#NUM!,#NUM!,#NUM!,#NUM!,#NUM!,#NUM!
Pden_1682,#NUM!,#NUM!,#NUM!,#NUM!,#NUM!,#NUM!
Pden_1689,#NUM!,#NUM!,#NUM!,#NUM!,#NUM!,#NUM!
Pden_1722,#NUM!,#NUM!,#NUM!,#NUM!,#NUM!,#NUM!
Pden_1730,#NUM!,#NUM!,#NUM!,#NUM!,#NUM!,#NUM!
Pden_1735,#NUM!,#NUM!,#NUM!,#NUM!,#NUM!,#NUM!
tdk,#NUM!,#NUM!,#NUM!,#NUM!,#NUM!,#NUM!
Pden_1745,#NUM!,#NUM!,#NUM!,#NUM!,#NUM!,#NUM!
Pden_1753,#NUM!,#NUM!,#NUM!,#NUM!,#NUM!,#NUM!
Pden_1757,#NUM!,#NUM!,#NUM!,#NUM!,#NUM!,#NUM!
Pden_1763,#NUM!,#NUM!,#NUM!,#NUM!,#NUM!,#NUM!
Pden_1779,#NUM!,#NUM!,#NUM!,#NUM!,#NUM!,#NUM!
Pden_1783,#NUM!,#NUM!,#NUM!,#NUM!,#NUM!,#NUM!
Pden_1786,#NUM!,#NUM!,#NUM!,#NUM!,#NUM!,#NUM!
Pden_1791,#NUM!,#NUM!,#NUM!,#NUM!,#NUM!,#NUM!
Pden_1810,#NUM!,#NUM!,#NUM!,#NUM!,#NUM!,#NUM!
Pden_1816,#NUM!,#NUM!,#NUM!,#NUM!,#NUM!,#NUM!
Pden_1839,#NUM!,#NUM!,#NUM!,#NUM!,#NUM!,#NUM!
Pden_1840,#NUM!,#NUM!,#NUM!,#NUM!,#NUM!,#NUM!
Pden_1844,#NUM!,#NUM!,#NUM!,#NUM!,#NUM!,#NUM!
Pden_1867,#NUM!,#NUM!,#NUM!,#NUM!,#NUM!,#NUM!
Pden_1869,#NUM!,#NUM!,#NUM!,#NUM!,#NUM!,#NUM!
Pden_1893,#NUM!,#NUM!,#NUM!,#NUM!,#NUM!,#NUM!
Pden_1894,#NUM!,#NUM!,#NUM!,#NUM!,#NUM!,#NUM!
Pden_1931,#NUM!,#NUM!,#NUM!,#NUM!,#NUM!,#NUM!
Pden_1937,#NUM!,#NUM!,#NUM!,#NUM!,#NUM!,#NUM!
Pden_1949,#NUM!,#NUM!,#NUM!,#NUM!,#NUM!,#NUM!
Pden_1954,#NUM!,#NUM!,#NUM!,#NUM!,#NUM!,#NUM!
Pden_1983,#NUM!,#NUM!,#NUM!,#NUM!,#NUM!,#NUM!
Pden_1997,#NUM!,#NUM!,#NUM!,#NUM!,#NUM!,#NUM!
Pden_2015,#NUM!,#NUM!,#NUM!,#NUM!,#NUM!,#NUM!
Pden_2028,#NUM!,#NUM!,#NUM!,#NUM!,#NUM!,#NUM!
Pden_2054,#NUM!,#NUM!,#NUM!,#NUM!,#NUM!,#NUM!
Pden_2061,#NUM!,#NUM!,#NUM!,#NUM!,#NUM!,#NUM!
Pden_2074,#NUM!,#NUM!,#NUM!,#NUM!,#NUM!,#NUM!
vapC,#NUM!,#NUM!,#NUM!,#NUM!,#NUM!,#NUM!
Pden_2093,#NUM!,#NUM!,#NUM!,#NUM!,#NUM!,#NUM!
Pden_2108,#NUM!,#NUM!,#NUM!,#NUM!,#NUM!,#NUM!
Pden_2119,#NUM!,#NUM!,#NUM!,#NUM!,#NUM!,#NUM!
Pden_2120,#NUM!,#NUM!,#NUM!,#NUM!,#NUM!,#NUM!
moaC,#NUM!,#NUM!,#NUM!,#NUM!,#NUM!,#NUM!
Pden_2147,#NUM!,#NUM!,#NUM!,#NUM!,#NUM!,#NUM!
Pden_2150,#NUM!,#NUM!,#NUM!,#NUM!,#NUM!,#NUM!
Pden_2167,#NUM!,#NUM!,#NUM!,#NUM!,#NUM!,#NUM!
Pden_2172,#NUM!,#NUM!,#NUM!,#NUM!,#NUM!,#NUM!
Pden_2180,#NUM!,#NUM!,#NUM!,#NUM!,#NUM!,#NUM!
Pden_2192,#NUM!,#NUM!,#NUM!,#NUM!,#NUM!,#NUM!
Pden_2203,#NUM!,#NUM!,#NUM!,#NUM!,#NUM!,#NUM!
Pden_2207,#NUM!,#NUM!,#NUM!,#NUM!,#NUM!,#NUM!
Pden_2209,#NUM!,#NUM!,#NUM!,#NUM!,#NUM!,#NUM!
Pden_2211,#NUM!,#NUM!,#NUM!,#NUM!,#NUM!,#NUM!
lgt,#NUM!,#NUM!,#NUM!,#NUM!,#NUM!,#NUM!
deoB,#NUM!,#NUM!,#NUM!,#NUM!,#NUM!,#NUM!
Pden_2225,#NUM!,#NUM!,#NUM!,#NUM!,#NUM!,#NUM!
Pden_2232,#NUM!,#NUM!,#NUM!,#NUM!,#NUM!,#NUM!
Pden_2235,#NUM!,#NUM!,#NUM!,#NUM!,#NUM!,#NUM!
Pden_2242,#NUM!,#NUM!,#NUM!,#NUM!,#NUM!,#NUM!
Pden_2253,#NUM!,#NUM!,#NUM!,#NUM!,#NUM!,#NUM!
Pden_2286,#NUM!,#NUM!,#NUM!,#NUM!,#NUM!,#NUM!
rbsK,#NUM!,#NUM!,#NUM!,#NUM!,#NUM!,#NUM!
Pden_2313,#NUM!,#NUM!,#NUM!,#NUM!,#NUM!,#NUM!
Pden_2318,#NUM!,#NUM!,#NUM!,#NUM!,#NUM!,#NUM!
Pden_2319,#NUM!,#NUM!,#NUM!,#NUM!,#NUM!,#NUM!
Pden_2322,#NUM!,#NUM!,#NUM!,#NUM!,#NUM!,#NUM!
Pden_2326,#NUM!,#NUM!,#NUM!,#NUM!,#NUM!,#NUM!
Pden_2335,#NUM!,#NUM!,#NUM!,#NUM!,#NUM!,#NUM!
Pden_2336,#NUM!,#NUM!,#NUM!,#NUM!,#NUM!,#NUM!
Pden_2353,#NUM!,#NUM!,#NUM!,#NUM!,#NUM!,#NUM!
pqqB,#NUM!,#NUM!,#NUM!,#NUM!,#NUM!,#NUM!
ribA,#NUM!,#NUM!,#NUM!,#NUM!,#NUM!,#NUM!
Pden_2392,#NUM!,#NUM!,#NUM!,#NUM!,#NUM!,#NUM!
Pden_2415,#NUM!,#NUM!,#NUM!,#NUM!,#NUM!,#NUM!
Pden_2417,#NUM!,#NUM!,#NUM!,#NUM!,#NUM!,#NUM!
Pden_2431,#NUM!,#NUM!,#NUM!,#NUM!,#NUM!,#NUM!
Pden_2432,#NUM!,#NUM!,#NUM!,#NUM!,#NUM!,#NUM!
Pden_2460,#NUM!,#NUM!,#NUM!,#NUM!,#NUM!,#NUM!
Pden_2477,#NUM!,#NUM!,#NUM!,#NUM!,#NUM!,#NUM!
Pden_2484,#NUM!,#NUM!,#NUM!,#NUM!,#NUM!,#NUM!
Pden_2507,#NUM!,#NUM!,#NUM!,#NUM!,#NUM!,#NUM!
Pden_2511,#NUM!,#NUM!,#NUM!,#NUM!,#NUM!,#NUM!
Pden_2512,#NUM!,#NUM!,#NUM!,#NUM!,#NUM!,#NUM!
Pden_2527,#NUM!,#NUM!,#NUM!,#NUM!,#NUM!,#NUM!
Pden_2529,#NUM!,#NUM!,#NUM!,#NUM!,#NUM!,#NUM!
Pden_2530,#NUM!,#NUM!,#NUM!,#NUM!,#NUM!,#NUM!
Pden_2533,#NUM!,#NUM!,#NUM!,#NUM!,#NUM!,#NUM!
Pden_2535,#NUM!,#NUM!,#NUM!,#NUM!,#NUM!,#NUM!
plsY,#NUM!,#NUM!,#NUM!,#NUM!,#NUM!,#NUM!
Pden_2556,#NUM!,#NUM!,#NUM!,#NUM!,#NUM!,#NUM!
Pden_2563,#NUM!,#NUM!,#NUM!,#NUM!,#NUM!,#NUM!
Pden_2564,#NUM!,#NUM!,#NUM!,#NUM!,#NUM!,#NUM!
Pden_2578,#NUM!,#NUM!,#NUM!,#NUM!,#NUM!,#NUM!
Pden_2586,#NUM!,#NUM!,#NUM!,#NUM!,#NUM!,#NUM!
Pden_2587,#NUM!,#NUM!,#NUM!,#NUM!,#NUM!,#NUM!
Pden_2590,#NUM!,#NUM!,#NUM!,#NUM!,#NUM!,#NUM!
Pden_2596,#NUM!,#NUM!,#NUM!,#NUM!,#NUM!,#NUM!
Pden_2600,#NUM!,#NUM!,#NUM!,#NUM!,#NUM!,#NUM!
Pden_2601,#NUM!,#NUM!,#NUM!,#NUM!,#NUM!,#NUM!
lptA,#NUM!,#NUM!,#NUM!,#NUM!,#NUM!,#NUM!
Pden_2653,#NUM!,#NUM!,#NUM!,#NUM!,#NUM!,#NUM!
Pden_2655,#NUM!,#NUM!,#NUM!,#NUM!,#NUM!,#NUM!
Pden_2656,#NUM!,#NUM!,#NUM!,#NUM!,#NUM!,#NUM!
Pden_2659,#NUM!,#NUM!,#NUM!,#NUM!,#NUM!,#NUM!
Pden_2669,#NUM!,#NUM!,#NUM!,#NUM!,#NUM!,#NUM!
Pden_2671,#NUM!,#NUM!,#NUM!,#NUM!,#NUM!,#NUM!
Pden_2688,#NUM!,#NUM!,#NUM!,#NUM!,#NUM!,#NUM!
Pden_2689,#NUM!,#NUM!,#NUM!,#NUM!,#NUM!,#NUM!
Pden_2706,#NUM!,#NUM!,#NUM!,#NUM!,#NUM!,#NUM!
Pden_2711,#NUM!,#NUM!,#NUM!,#NUM!,#NUM!,#NUM!
Pden_2719,#NUM!,#NUM!,#NUM!,#NUM!,#NUM!,#NUM!
Pden_2721,#NUM!,#NUM!,#NUM!,#NUM!,#NUM!,#NUM!
Pden_2722,#NUM!,#NUM!,#NUM!,#NUM!,#NUM!,#NUM!
Pden_2725,#NUM!,#NUM!,#NUM!,#NUM!,#NUM!,#NUM!
Pden_2727,#NUM!,#NUM!,#NUM!,#NUM!,#NUM!,#NUM!
smc,#NUM!,#NUM!,#NUM!,#NUM!,#NUM!,#NUM!
Pden_2752,#NUM!,#NUM!,#NUM!,#NUM!,#NUM!,#NUM!
Pden_2758,#NUM!,#NUM!,#NUM!,#NUM!,#NUM!,#NUM!
Pden_2766,#NUM!,#NUM!,#NUM!,#NUM!,#NUM!,#NUM!
Pden_2769,#NUM!,#NUM!,#NUM!,#NUM!,#NUM!,#NUM!
Pden_2773,#NUM!,#NUM!,#NUM!,#NUM!,#NUM!,#NUM!
Pden_2774,#NUM!,#NUM!,#NUM!,#NUM!,#NUM!,#NUM!
Pden_2792,#NUM!,#NUM!,#NUM!,#NUM!,#NUM!,#NUM!
Pden_2796,#NUM!,#NUM!,#NUM!,#NUM!,#NUM!,#NUM!
Pden_2812,#NUM!,#NUM!,#NUM!,#NUM!,#NUM!,#NUM!
coaE,#NUM!,#NUM!,#NUM!,#NUM!,#NUM!,#NUM!
fdhE,#NUM!,#NUM!,#NUM!,#NUM!,#NUM!,#NUM!
Pden_2828,#NUM!,#NUM!,#NUM!,#NUM!,#NUM!,#NUM!
Pden_2831,#NUM!,#NUM!,#NUM!,#NUM!,#NUM!,#NUM!
Pden_2847,#NUM!,#NUM!,#NUM!,#NUM!,#NUM!,#NUM!
Pden_2849,#NUM!,#NUM!,#NUM!,#NUM!,#NUM!,#NUM!
Pden_2857,#NUM!,#NUM!,#NUM!,#NUM!,#NUM!,#NUM!
Pden_2859,#NUM!,#NUM!,#NUM!,#NUM!,#NUM!,#NUM!
Pden_2864,#NUM!,#NUM!,#NUM!,#NUM!,#NUM!,#NUM!
Pden_2865,#NUM!,#NUM!,#NUM!,#NUM!,#NUM!,#NUM!
Pden_2866,#NUM!,#NUM!,#NUM!,#NUM!,#NUM!,#NUM!
Pden_2869,#NUM!,#NUM!,#NUM!,#NUM!,#NUM!,#NUM!
bioD,#NUM!,#NUM!,#NUM!,#NUM!,#NUM!,#NUM!
bioA,#NUM!,#NUM!,#NUM!,#NUM!,#NUM!,#NUM!
Pden_2926,#NUM!,#NUM!,#NUM!,#NUM!,#NUM!,#NUM!
dld,#NUM!,#NUM!,#NUM!,#NUM!,#NUM!,#NUM!
Pden_2930,#NUM!,#NUM!,#NUM!,#NUM!,#NUM!,#NUM!
Pden_3445,#NUM!,#NUM!,#NUM!,#NUM!,#NUM!,#NUM!
Pden_2983,#NUM!,#NUM!,#NUM!,#NUM!,#NUM!,#NUM!
Pden_3016,#NUM!,#NUM!,#NUM!,#NUM!,#NUM!,#NUM!
Pden_3039,#NUM!,#NUM!,#NUM!,#NUM!,#NUM!,#NUM!
Pden_3047,#NUM!,#NUM!,#NUM!,#NUM!,#NUM!,#NUM!
Pden_3049,#NUM!,#NUM!,#NUM!,#NUM!,#NUM!,#NUM!
Pden_3071,#NUM!,#NUM!,#NUM!,#NUM!,#NUM!,#NUM!
Pden_3083,#NUM!,#NUM!,#NUM!,#NUM!,#NUM!,#NUM!
Pden_3092,#NUM!,#NUM!,#NUM!,#NUM!,#NUM!,#NUM!
Pden_3104,#NUM!,#NUM!,#NUM!,#NUM!,#NUM!,#NUM!
map,#NUM!,#NUM!,#NUM!,#NUM!,#NUM!,#NUM!
Pden_3157,#NUM!,#NUM!,#NUM!,#NUM!,#NUM!,#NUM!
Pden_3173,#NUM!,#NUM!,#NUM!,#NUM!,#NUM!,#NUM!
vapC,#NUM!,#NUM!,#NUM!,#NUM!,#NUM!,#NUM!
Pden_3227,#NUM!,#NUM!,#NUM!,#NUM!,#NUM!,#NUM!
Pden_3283,#NUM!,#NUM!,#NUM!,#NUM!,#NUM!,#NUM!
Pden_3335,#NUM!,#NUM!,#NUM!,#NUM!,#NUM!,#NUM!
Pden_3351,#NUM!,#NUM!,#NUM!,#NUM!,#NUM!,#NUM!
Pden_3389,#NUM!,#NUM!,#NUM!,#NUM!,#NUM!,#NUM!
Pden_3391,#NUM!,#NUM!,#NUM!,#NUM!,#NUM!,#NUM!
Pden_3420,#NUM!,#NUM!,#NUM!,#NUM!,#NUM!,#NUM!
Pden_3437,#NUM!,#NUM!,#NUM!,#NUM!,#NUM!,#NUM!
Pden_3454,#NUM!,#NUM!,#NUM!,#NUM!,#NUM!,#NUM!
Pden_3473,#NUM!,#NUM!,#NUM!,#NUM!,#NUM!,#NUM!
Pden_3479,#NUM!,#NUM!,#NUM!,#NUM!,#NUM!,#NUM!
Pden_3497,#NUM!,#NUM!,#NUM!,#NUM!,#NUM!,#NUM!
Pden_3515,#NUM!,#NUM!,#NUM!,#NUM!,#NUM!,#NUM!
Pden_3529,#NUM!,#NUM!,#NUM!,#NUM!,#NUM!,#NUM!
Pden_3540,#NUM!,#NUM!,#NUM!,#NUM!,#NUM!,#NUM!
Pden_3543,#NUM!,#NUM!,#NUM!,#NUM!,#NUM!,#NUM!
Pden_3574,#NUM!,#NUM!,#NUM!,#NUM!,#NUM!,#NUM!
Pden_3578,#NUM!,#NUM!,#NUM!,#NUM!,#NUM!,#NUM!
Pden_3586,#NUM!,#NUM!,#NUM!,#NUM!,#NUM!,#NUM!
Pden_3588,#NUM!,#NUM!,#NUM!,#NUM!,#NUM!,#NUM!
Pden_3599,#NUM!,#NUM!,#NUM!,#NUM!,#NUM!,#NUM!
Pden_3611,#NUM!,#NUM!,#NUM!,#NUM!,#NUM!,#NUM!
Pden_3615,#NUM!,#NUM!,#NUM!,#NUM!,#NUM!,#NUM!
Pden_3622,#NUM!,#NUM!,#NUM!,#NUM!,#NUM!,#NUM!
Pden_3624,#NUM!,#NUM!,#NUM!,#NUM!,#NUM!,#NUM!
Pden_3625,#NUM!,#NUM!,#NUM!,#NUM!,#NUM!,#NUM!
Pden_3626,#NUM!,#NUM!,#NUM!,#NUM!,#NUM!,#NUM!
Pden_3634,#NUM!,#NUM!,#NUM!,#NUM!,#NUM!,#NUM!
Pden_3640,#NUM!,#NUM!,#NUM!,#NUM!,#NUM!,#NUM!
Pden_3656,#NUM!,#NUM!,#NUM!,#NUM!,#NUM!,#NUM!
Pden_3665,#NUM!,#NUM!,#NUM!,#NUM!,#NUM!,#NUM!
Pden_3686,#NUM!,#NUM!,#NUM!,#NUM!,#NUM!,#NUM!
Pden_3691,#NUM!,#NUM!,#NUM!,#NUM!,#NUM!,#NUM!
Pden_3694,#NUM!,#NUM!,#NUM!,#NUM!,#NUM!,#NUM!
Pden_3702,#NUM!,#NUM!,#NUM!,#NUM!,#NUM!,#NUM!
Pden_3707,#NUM!,#NUM!,#NUM!,#NUM!,#NUM!,#NUM!
Pden_3712,#NUM!,#NUM!,#NUM!,#NUM!,#NUM!,#NUM!
Pden_3746,#NUM!,#NUM!,#NUM!,#NUM!,#NUM!,#NUM!
Pden_3770,#NUM!,#NUM!,#NUM!,#NUM!,#NUM!,#NUM!
Pden_3774,#NUM!,#NUM!,#NUM!,#NUM!,#NUM!,#NUM!
Pden_3788,#NUM!,#NUM!,#NUM!,#NUM!,#NUM!,#NUM!
Pden_3797,#NUM!,#NUM!,#NUM!,#NUM!,#NUM!,#NUM!
Pden_3808,#NUM!,#NUM!,#NUM!,#NUM!,#NUM!,#NUM!
Pden_3824,#NUM!,#NUM!,#NUM!,#NUM!,#NUM!,#NUM!
Pden_3826,#NUM!,#NUM!,#NUM!,#NUM!,#NUM!,#NUM!
Pden_3841,#NUM!,#NUM!,#NUM!,#NUM!,#NUM!,#NUM!
Pden_3874,#NUM!,#NUM!,#NUM!,#NUM!,#NUM!,#NUM!
Pden_3877,#NUM!,#NUM!,#NUM!,#NUM!,#NUM!,#NUM!
Pden_3880,#NUM!,#NUM!,#NUM!,#NUM!,#NUM!,#NUM!
trmD,#NUM!,#NUM!,#NUM!,#NUM!,#NUM!,#NUM!
Pden_3888,#NUM!,#NUM!,#NUM!,#NUM!,#NUM!,#NUM!
Pden_3897,#NUM!,#NUM!,#NUM!,#NUM!,#NUM!,#NUM!
Pden_3900,#NUM!,#NUM!,#NUM!,#NUM!,#NUM!,#NUM!
Pden_3902,#NUM!,#NUM!,#NUM!,#NUM!,#NUM!,#NUM!
Pden_3913,#NUM!,#NUM!,#NUM!,#NUM!,#NUM!,#NUM!
Pden_3915,#NUM!,#NUM!,#NUM!,#NUM!,#NUM!,#NUM!
Pden_3928,#NUM!,#NUM!,#NUM!,#NUM!,#NUM!,#NUM!
Pden_3940,#NUM!,#NUM!,#NUM!,#NUM!,#NUM!,#NUM!
Pden_3946,#NUM!,#NUM!,#NUM!,#NUM!,#NUM!,#NUM!
Pden_3954,#NUM!,#NUM!,#NUM!,#NUM!,#NUM!,#NUM!
rsmI,#NUM!,#NUM!,#NUM!,#NUM!,#NUM!,#NUM!
Pden_3988,#NUM!,#NUM!,#NUM!,#NUM!,#NUM!,#NUM!
Pden_3989,#NUM!,#NUM!,#NUM!,#NUM!,#NUM!,#NUM!
Pden_3998,#NUM!,#NUM!,#NUM!,#NUM!,#NUM!,#NUM!
Pden_4001,#NUM!,#NUM!,#NUM!,#NUM!,#NUM!,#NUM!
Pden_4010,#NUM!,#NUM!,#NUM!,#NUM!,#NUM!,#NUM!
Pden_4015,#NUM!,#NUM!,#NUM!,#NUM!,#NUM!,#NUM!
Pden_4026,#NUM!,#NUM!,#NUM!,#NUM!,#NUM!,#NUM!
xseA,#NUM!,#NUM!,#NUM!,#NUM!,#NUM!,#NUM!
Pden_4033,#NUM!,#NUM!,#NUM!,#NUM!,#NUM!,#NUM!
Pden_4035,#NUM!,#NUM!,#NUM!,#NUM!,#NUM!,#NUM!
Pden_4043,#NUM!,#NUM!,#NUM!,#NUM!,#NUM!,#NUM!
Pden_4045,#NUM!,#NUM!,#NUM!,#NUM!,#NUM!,#NUM!
Pden_4049,#NUM!,#NUM!,#NUM!,#NUM!,#NUM!,#NUM!
Pden_4052,#NUM!,#NUM!,#NUM!,#NUM!,#NUM!,#NUM!
selO,#NUM!,#NUM!,#NUM!,#NUM!,#NUM!,#NUM!
Pden_4070,#NUM!,#NUM!,#NUM!,#NUM!,#NUM!,#NUM!
Pden_4071,#NUM!,#NUM!,#NUM!,#NUM!,#NUM!,#NUM!
dnaG,#NUM!,#NUM!,#NUM!,#NUM!,#NUM!,#NUM!
Pden_4079,#NUM!,#NUM!,#NUM!,#NUM!,#NUM!,#NUM!
Pden_4093,#NUM!,#NUM!,#NUM!,#NUM!,#NUM!,#NUM!
Pden_4099,#NUM!,#NUM!,#NUM!,#NUM!,#NUM!,#NUM!
Pden_4117,#NUM!,#NUM!,#NUM!,#NUM!,#NUM!,#NUM!
Pden_4118,#NUM!,#NUM!,#NUM!,#NUM!,#NUM!,#NUM!
hflX,#NUM!,#NUM!,#NUM!,#NUM!,#NUM!,#NUM!
Pden_4126,#NUM!,#NUM!,#NUM!,#NUM!,#NUM!,#NUM!
Pden_4130,#NUM!,#NUM!,#NUM!,#NUM!,#NUM!,#NUM!
Pden_4132,#NUM!,#NUM!,#NUM!,#NUM!,#NUM!,#NUM!
Pden_4133,#NUM!,#NUM!,#NUM!,#NUM!,#NUM!,#NUM!
Pden_4140,#NUM!,#NUM!,#NUM!,#NUM!,#NUM!,#NUM!
Pden_4169,#NUM!,#NUM!,#NUM!,#NUM!,#NUM!,#NUM!
Pden_4201,#NUM!,#NUM!,#NUM!,#NUM!,#NUM!,#NUM!
Pden_4203,#NUM!,#NUM!,#NUM!,#NUM!,#NUM!,#NUM!
Pden_4207,#NUM!,#NUM!,#NUM!,#NUM!,#NUM!,#NUM!
Pden_4209,#NUM!,#NUM!,#NUM!,#NUM!,#NUM!,#NUM!
Pden_4235,#NUM!,#NUM!,#NUM!,#NUM!,#NUM!,#NUM!
Pden_4236,#NUM!,#NUM!,#NUM!,#NUM!,#NUM!,#NUM!
Pden_4248,#NUM!,#NUM!,#NUM!,#NUM!,#NUM!,#NUM!
Pden_4253,#NUM!,#NUM!,#NUM!,#NUM!,#NUM!,#NUM!
Pden_4256,#NUM!,#NUM!,#NUM!,#NUM!,#NUM!,#NUM!
Pden_4260,#NUM!,#NUM!,#NUM!,#NUM!,#NUM!,#NUM!
Pden_4261,#NUM!,#NUM!,#NUM!,#NUM!,#NUM!,#NUM!
Pden_4294,#NUM!,#NUM!,#NUM!,#NUM!,#NUM!,#NUM!
Pden_4306,#NUM!,#NUM!,#NUM!,#NUM!,#NUM!,#NUM!
Pden_4312,#NUM!,#NUM!,#NUM!,#NUM!,#NUM!,#NUM!
Pden_4327,#NUM!,#NUM!,#NUM!,#NUM!,#NUM!,#NUM!
Pden_4328,#NUM!,#NUM!,#NUM!,#NUM!,#NUM!,#NUM!
Pden_4341,#NUM!,#NUM!,#NUM!,#NUM!,#NUM!,#NUM!
Pden_4351,#NUM!,#NUM!,#NUM!,#NUM!,#NUM!,#NUM!
Pden_4380,#NUM!,#NUM!,#NUM!,#NUM!,#NUM!,#NUM!
Pden_4389,#NUM!,#NUM!,#NUM!,#NUM!,#NUM!,#NUM!
Pden_4398,#NUM!,#NUM!,#NUM!,#NUM!,#NUM!,#NUM!
Pden_4399,#NUM!,#NUM!,#NUM!,#NUM!,#NUM!,#NUM!
Pden_4400,#NUM!,#NUM!,#NUM!,#NUM!,#NUM!,#NUM!
Pden_4424,#NUM!,#NUM!,#NUM!,#NUM!,#NUM!,#NUM!
glgC,#NUM!,#NUM!,#NUM!,#NUM!,#NUM!,#NUM!
glgB,#NUM!,#NUM!,#NUM!,#NUM!,#NUM!,#NUM!
Pden_4435,#NUM!,#NUM!,#NUM!,#NUM!,#NUM!,#NUM!
Pden_4448,#NUM!,#NUM!,#NUM!,#NUM!,#NUM!,#NUM!
Pden_4454,#NUM!,#NUM!,#NUM!,#NUM!,#NUM!,#NUM!
Pden_4456,#NUM!,#NUM!,#NUM!,#NUM!,#NUM!,#NUM!
Pden_4457,#NUM!,#NUM!,#NUM!,#NUM!,#NUM!,#NUM!
nnrD,#NUM!,#NUM!,#NUM!,#NUM!,#NUM!,#NUM!
Pden_4472,#NUM!,#NUM!,#NUM!,#NUM!,#NUM!,#NUM!
Pden_4519,#NUM!,#NUM!,#NUM!,#NUM!,#NUM!,#NUM!
Pden_4547,#NUM!,#NUM!,#NUM!,#NUM!,#NUM!,#NUM!
Pden_4574,#NUM!,#NUM!,#NUM!,#NUM!,#NUM!,#NUM!
Pden_4575,#NUM!,#NUM!,#NUM!,#NUM!,#NUM!,#NUM!
Pden_4604,#NUM!,#NUM!,#NUM!,#NUM!,#NUM!,#NUM!
Pden_4654,#NUM!,#NUM!,#NUM!,#NUM!,#NUM!,#NUM!
Pden_4658,#NUM!,#NUM!,#NUM!,#NUM!,#NUM!,#NUM!
Pden_4665,#NUM!,#NUM!,#NUM!,#NUM!,#NUM!,#NUM!
Pden_4667,#NUM!,#NUM!,#NUM!,#NUM!,#NUM!,#NUM!
Pden_4693,#NUM!,#NUM!,#NUM!,#NUM!,#NUM!,#NUM!
Pden_4694,#NUM!,#NUM!,#NUM!,#NUM!,#NUM!,#NUM!
Pden_4727,#NUM!,#NUM!,#NUM!,#NUM!,#NUM!,#NUM!
Pden_4739,#NUM!,#NUM!,#NUM!,#NUM!,#NUM!,#NUM!
Pden_4744,#NUM!,#NUM!,#NUM!,#NUM!,#NUM!,#NUM!
Pden_4763,#NUM!,#NUM!,#NUM!,#NUM!,#NUM!,#NUM!
Pden_4794,#NUM!,#NUM!,#NUM!,#NUM!,#NUM!,#NUM!
Pden_4802,#NUM!,#NUM!,#NUM!,#NUM!,#NUM!,#NUM!
Pden_4806,#NUM!,#NUM!,#NUM!,#NUM!,#NUM!,#NUM!
Pden_4809,#NUM!,#NUM!,#NUM!,#NUM!,#NUM!,#NUM!
Pden_4813,#NUM!,#NUM!,#NUM!,#NUM!,#NUM!,#NUM!
Pden_4819,#NUM!,#NUM!,#NUM!,#NUM!,#NUM!,#NUM!
Pden_4829,#NUM!,#NUM!,#NUM!,#NUM!,#NUM!,#NUM!
Pden_4834,#NUM!,#NUM!,#NUM!,#NUM!,#NUM!,#NUM!
Pden_4868,#NUM!,#NUM!,#NUM!,#NUM!,#NUM!,#NUM!
Pden_4870,#NUM!,#NUM!,#NUM!,#NUM!,#NUM!,#NUM!
Pden_4880,#NUM!,#NUM!,#NUM!,#NUM!,#NUM!,#NUM!
Pden_4882,#NUM!,#NUM!,#NUM!,#NUM!,#NUM!,#NUM!
Pden_4894,#NUM!,#NUM!,#NUM!,#NUM!,#NUM!,#NUM!
Pden_4927,#NUM!,#NUM!,#NUM!,#NUM!,#NUM!,#NUM!
Pden_4930,#NUM!,#NUM!,#NUM!,#NUM!,#NUM!,#NUM!
Pden_4947,#NUM!,#NUM!,#NUM!,#NUM!,#NUM!,#NUM!
Pden_4960,#NUM!,#NUM!,#NUM!,#NUM!,#NUM!,#NUM!
Pden_4979,#NUM!,#NUM!,#NUM!,#NUM!,#NUM!,#NUM!
Pden_4983,#NUM!,#NUM!,#NUM!,#NUM!,#NUM!,#NUM!
Pden_4984,#NUM!,#NUM!,#NUM!,#NUM!,#NUM!,#NUM!
Pden_5013,#NUM!,#NUM!,#NUM!,#NUM!,#NUM!,#NUM!
Pden_5022,#NUM!,#NUM!,#NUM!,#NUM!,#NUM!,#NUM!
Pden_5030,#NUM!,#NUM!,#NUM!,#NUM!,#NUM!,#NUM!
Pden_5055,#NUM!,#NUM!,#NUM!,#NUM!,#NUM!,#NUM!
Pden_5103,#NUM!,#NUM!,#NUM!,#NUM!,#NUM!,#NUM!
Pden_5116,#NUM!,#NUM!,#NUM!,#NUM!,#NUM!,#NUM!
Pden_5123,#NUM!,#NUM!,#NUM!,#NUM!,#NUM!,#NUM!
Pden_5125,#NUM!,#NUM!,#NUM!,#NUM!,#NUM!,#NUM!
